fund_name,Predicted strategy,strategy evidence,source meta data
AB Balanced Wealth Strategy Portfolio,Balanced Fund (Low Risk),"AB Balanced Wealth Strategy Portfolio <head_breaker>

AB VPS BALANCED WEALTH STRATEGY PORTFOLIO --------------------------------------------------------------------------------

INVESTMENT OBJECTIVE The Portfolio's investment objective is to maximize total return consistent with the Adviser's determination of reasonable risk.

FEES AND EXPENSES OF THE PORTFOLIO

This table describes the fees and expenses that you may pay if you buy and hold shares of the Portfolio. Because the information does not reflect deductions at the separate account level or contract level for any charges that may be incurred under a contract, Contractholders that invest in the Portfolio should refer to the variable contract prospectus for a description of fees and expenses that apply to Contractholders. Inclusion of these charges would increase the fees and expenses provided below.

SHAREHOLDER FEES (fees paid directly from your investment) N/A",{'source': 'MutualFundSummary/AB Balanced Wealth Strategy Portfolio.txt'}
AB Asia ex-Japan Equity Portfolio,Equity Long Only (Low Risk),"PRINCIPAL STRATEGIES The Adviser seeks to achieve the Fund's investment objective by investing, under normal circumstance, at least 80% of the Fund's net assets in a portfolio of equity securities of companies economically tied to the Asia region, excluding companies in Japan (""Asia ex-Japan companies""), and derivatives related thereto. Asia ex-Japan companies include any company that (i) is domiciled or organized in an Asia ex-Japan country; (ii) has an established presence and conducts business in the Asia ex-Japan region; or (iii) conducts a significant part of its economic activities in the Asia ex-Japan region. Many countries in the Asia ex-Japan region are considered emerging market or frontier market countries. Emerging markets have less developed and smaller economies and capital markets than developed countries and frontier market countries have less developed and smaller economies and capital markets than emerging market countries. Equity securities may include common",{'source': 'MutualFundSummary/AB Asia ex-Japan Equity Portfolio.txt'}
AB All Market Income Portfolio,Balanced Fund (Low Risk),"AB All Market Income Portfolio <head_breaker>

AB ALL MARKET INCOME PORTFOLIO --------------------------------------------------------------------------------

INVESTMENT OBJECTIVE The Fund's investment objective is to seek current income with consideration of capital appreciation.

FEES AND EXPENSES OF THE FUND

This table describes the fees and expenses that you may pay if you buy and hold shares of the Fund. You may qualify for sales charge reductions if you and members of your family invest, or agree to invest in the future, at least $100,000 in AB Mutual Funds. More information about these and other discounts is available from your financial intermediary and in Investing in the Funds--Sales Charge Reduction Programs for Class A Shares on page 69 of this Prospectus, in Appendix B--Financial Intermediary Waivers of this Prospectus and in Purchase of Shares--Sales Charge Reduction Programs for Class A Shares on page 129 of the Fund's Statement of Additional Information (""SAI"").",{'source': 'MutualFundSummary/AB All Market Income Portfolio.txt'}
AB All Market Real Return Portfolio,Balanced Fund (Low Risk),"AB All Market Real Return Portfolio <head_breaker>

AB ALL MARKET REAL RETURN PORTFOLIO --------------------------------------------------------------------------------

INVESTMENT OBJECTIVE The Fund's investment objective is to maximize real return over inflation.

FEES AND EXPENSES OF THE FUND

This table describes the fees and expenses that you may pay if you buy and hold shares of the Fund. You may qualify for sales charge reductions if you and members of your family invest, or agree to invest in the future, at least $100,000 in AB Mutual Funds. More information about these and other discounts is available from your financial intermediary and in Investing in the Funds--Sales Charge Reduction Programs for Class A Shares on page 34 of this Prospectus, in Appendix C--Financial Intermediary Waivers of this Prospectus and in Purchase of Shares--Sales Charge Reduction Programs for Class A Shares on page 108 of the Fund's Statement of Additional Information (""SAI"").",{'source': 'MutualFundSummary/AB All Market Real Return Portfolio.txt'}
AB Arizona Portfolio,Fixed Income Long Only (Low Risk),"AB Arizona Portfolio

<head_breaker>

AB Arizona Portfolio

--------------------------------------------------------------------------------

INVESTMENT OBJECTIVE: The investment objective of the Portfolio is to earn the highest level of current income exempt from both federal income tax and State of Arizona personal income tax that is available without assuming what the Adviser considers to be undue risk.

FEES AND EXPENSES OF THE PORTFOLIO:",{'source': 'MutualFundSummary/AB Arizona Portfolio.txt'}
AB Bond Inflation Strategy,Fixed Income Long Only (Low Risk),"AB Bond Inflation Strategy

<head_breaker>

SUMMARY INFORMATION

--------------------------------------------------------------------------------

AB BOND INFLATION STRATEGY

--------------------------------------------------------------------------------

INVESTMENT OBJECTIVE The Fund's investment objective is to maximize real return without assuming what the Adviser considers to be undue risk.

FEES AND EXPENSES OF THE FUND",{'source': 'MutualFundSummary/AB Bond Inflation Strategy.txt'}
AB Credit Long/Short Portfolio,Balanced Fund (Low Risk),"AB Credit Long/Short Portfolio

<head_breaker>

AB CREDIT LONG/SHORT PORTFOLIO

--------------------------------------------------------------------------------

INVESTMENT OBJECTIVE The Fund's investment objective is to seek absolute return over a full market cycle.

FEES AND EXPENSES OF THE FUND

This table describes the fees and expenses that you may pay if you buy and hold shares of the Fund. You may qualify for sales charge reductions if you and members of your family invest, or agree to invest in the future, at least $100,000 in AB Mutual Funds. More information about these and other discounts is available from your financial intermediary and in Investing in the Funds--Sales Charge Reduction Programs for Class A Shares on page 61 of this Prospectus, in Appendix C--Financial Intermediary Waivers of this Prospectus and in Purchase of Shares--Sales Charge Reduction Programs for Class A Shares on page 126 of the Fund's Statement of Additional Information (""SAI"").",{'source': 'MutualFundSummary/AB Credit LongShort Portfolio.txt'}
AB Discovery Value Fund,Equity Long Only (Low Risk),"AB Discovery Value Fund

<head_breaker>

AB DISCOVERY VALUE FUND

--------------------------------------------------------------------------------

INVESTMENT OBJECTIVE The Fund's investment objective is long-term growth of capital.

FEES AND EXPENSES OF THE FUND

This table describes the fees and expenses that you may pay if you buy and hold shares of the Fund. You may qualify for sales charge reductions if you and members of your family invest, or agree to invest in the future, at least $100,000 in AB Mutual Funds. More information about these and other discounts is available from your financial intermediary and in Investing in the Funds--Sales Charge Reduction Programs for Class A Shares on page 69 of this Prospectus, in Appendix B--Financial Intermediary Waivers of this Prospectus and in Purchase of Shares--Sales Charge Reduction Programs for Class A Shares on page 129 of the Fund's Statement of Additional Information (""SAI"").",{'source': 'MutualFundSummary/AB Discovery Value Fund.txt'}
AB Dynamic Asset Allocation Portfolio,Balanced Fund (Low Risk),"AB Dynamic Asset Allocation Portfolio <head_breaker>

AB VPS DYNAMIC ASSET ALLOCATION PORTFOLIO --------------------------------------------------------------------------------

INVESTMENT OBJECTIVE The Portfolio's investment objective is to maximize total return consistent with the Adviser's determination of reasonable risk.

FEES AND EXPENSES OF THE PORTFOLIO

This table describes the fees and expenses that you may pay if you buy and hold shares of the Portfolio. Because the information does not reflect deductions at the separate account level or contract level for any charges that may be incurred under a contract, Contractholders that invest in the Portfolio should refer to the variable contract prospectus for a description of fees and expenses that apply to Contractholders. Inclusion of these charges would increase the fees and expenses provided below.

SHAREHOLDER FEES (fees paid directly from your investment) N/A",{'source': 'MutualFundSummary/AB Dynamic Asset Allocation Portfolio.txt'}
AB FlexFee Core Opportunities Portfolio,Equity Long Only (Low Risk),"AB FlexFee Core Opportunities Portfolio <head_breaker>

AB FlexFeeTM Core Opportunities Portfolio

INVESTMENT OBJECTIVE

The Fund’s investment objective is long-term growth of capital.

FEES AND EXPENSES OF THE FUND

This table describes the fees and expenses that you may pay if you buy and hold shares of the Fund. You may be required to pay commissions and/or other forms of compensation to a broker for transactions in Advisor Class shares, which are not reflected in the tables or the examples below.

Shareholder Fees (fees paid directly from your investment)

None

Annual Fund Operating Expenses (expenses that you pay each year as a percentage of the value of your investment)

Advisor Class

Management Fees(a)	.39	%

Distribution and/or Service (12b

1) Fees	None

Other Expenses:

Transfer Agent	.11	%

Other Expenses(b)	35.06	%

Total Other Expenses	35.17	%

Acquired Fund Fees and Expenses	.04	%

Total Annual Fund Operating Expenses Before Waiver	35.60	%",{'source': 'MutualFundSummary/AB FlexFee Core Opportunities Portfolio.txt'}
AB FlexFee Emerging Markets Growth Portfolio,Equity Long Only (Low Risk),"AB FlexFee Emerging Markets Growth Portfolio <head_breaker>

AB FlexFeeTM Emerging Markets Growth Portfolio

(formerly, AB Emerging Markets Growth Portfolio)

INVESTMENT OBJECTIVE

The Fund’s investment objective is to seek long-term growth of capital.

FEES AND EXPENSES OF THE FUND

This table describes the fees and expenses that you may pay if you buy and hold shares of the Fund. You may be required to pay commissions and/or other forms of compensation to a broker for transactions in Advisor Class shares, which are not reflected in the tables or the examples below.

Shareholder Fees (fees paid directly from your investment)

None

Annual Fund Operating Expenses (expenses that you pay each year as a percentage of the value of your investment)",{'source': 'MutualFundSummary/AB FlexFee Emerging Markets Growth Portfolio.txt'}
AB FlexFee International Strategic Core Portfolio,Balanced Fund (Low Risk),"AB FlexFee International Strategic Core Portfolio <head_breaker>

AB FlexFeeTM International Strategic Core Portfolio

INVESTMENT OBJECTIVE

The Fund’s investment objective is to seek long-term growth of capital.

FEES AND EXPENSES OF THE FUND

This table describes the fees and expenses that you may pay if you buy and hold shares of the Fund. You may be required to pay commissions and/or other forms of compensation to a broker for transactions in Advisor Class shares, which are not reflected in the tables or the examples below.

Shareholder Fees (fees paid directly from your investment)

None

Annual Fund Operating Expenses (expenses that you pay each year as a percentage of the value of your investment)",{'source': 'MutualFundSummary/AB FlexFee International Strategic Core Portfolio.txt'}
AB FlexFee Large Cap Growth Portfolio,Equity Long Only (Low Risk),"AB FlexFee Large Cap Growth Portfolio <head_breaker>

AB FlexFeeTM Large Cap Growth Portfolio

INVESTMENT OBJECTIVE

The Fund’s investment objective is long-term growth of capital.

FEES AND EXPENSES OF THE FUND

This table describes the fees and expenses that you may pay if you buy and hold shares of the Fund. You may be required to pay commissions and/or other forms of compensation to a broker for transactions in Advisor Class shares, which are not reflected in the tables or the examples below.

Shareholder Fees (fees paid directly from your investment)

None

Annual Fund Operating Expenses (expenses that you pay each year as a percentage of the value of your investment)

Advisor Class

Management Fees(a)	 	 	.05	%

Distribution and/or Service (12b

1) Fees	 	 	None

Other Expenses:

Transfer Agent	 	 	.11	%

Other Expenses(b)	 	 	33.76	%

Total Other Expenses	 	 	33.87	% Acquired Fund Fees and Expenses	 	 	.02	%

Total Annual Fund Operating Expenses Before Waiver	 	 	33.94	%",{'source': 'MutualFundSummary/AB FlexFee Large Cap Growth Portfolio.txt'}
AB Global Risk Allocation-Moderate Portfolio,Balanced Fund (Low Risk),"AB Global Risk Allocation

Moderate Portfolio

<head_breaker>

AB VPS GLOBAL RISK ALLOCATION--MODERATE PORTFOLIO --------------------------------------------------------------------------------

INVESTMENT OBJECTIVE The Portfolio's investment objective is to seek long term growth of capital while seeking to limit volatility.

FEES AND EXPENSES OF THE PORTFOLIO

This table describes the fees and expenses that you may pay if you buy and hold shares of the Portfolio. Because the information does not reflect deductions at the separate account level or contract level for any charges that may be incurred under a contract, Contractholders that invest in the Portfolio should refer to the variable contract prospectus for a description of fees and expenses that apply to Contractholders. Inclusion of these charges would increase the fees and expenses provided below.

SHAREHOLDER FEES (fees paid directly from your investment) N/A",{'source': 'MutualFundSummary/AB Global Risk Allocation-Moderate Portfolio.txt'}
AB Global Thematic Growth Portfolio,Equity Long Only (Low Risk),"AB Global Thematic Growth Portfolio <head_breaker>

AB VPS GLOBAL THEMATIC GROWTH PORTFOLIO --------------------------------------------------------------------------------

INVESTMENT OBJECTIVE The Portfolio's investment objective is long-term growth of capital.

FEES AND EXPENSES OF THE PORTFOLIO

This table describes the fees and expenses that you may pay if you buy and hold shares of the Portfolio. Because the information does not reflect deductions at the separate account level or contract level for any charges that may be incurred under a contract, Contractholders that invest in the Portfolio should refer to the variable contract prospectus for a description of fees and expenses that apply to Contractholders. Inclusion of these charges would increase the fees and expenses provided below.

SHAREHOLDER FEES (fees paid directly from your investment) N/A

ANNUAL PORTFOLIO OPERATING EXPENSES (expenses that you pay each year as a percentage of the value of your investment)",{'source': 'MutualFundSummary/AB Global Thematic Growth Portfolio.txt'}
AB Income Fund,Fixed Income Long Only (Low Risk),"AB Income Fund

<head_breaker>

AB INCOME FUND

--------------------------------------------------------------------------------

INVESTMENT OBJECTIVE: The investment objective of the Fund is to seek high current income consistent with preservation of capital.

FEES AND EXPENSES OF THE FUND:

This table describes the fees and expenses that you may pay if you buy and hold shares of the Fund. You may qualify for sales charge reductions if you and members of your family invest, or agree to invest in the future, at least $100,000 in AB Mutual Funds. More information about these and other discounts is available from your financial intermediary and in Investing in the Fund--Sales Charge Reduction Programs for Class A Shares on page 61 of this Prospectus, in Appendix C--Financial Intermediary Waivers of this Prospectus and in Purchase of Shares--Sales Charge Reduction Programs for Class A Shares on page 126 of the Fund's Statement of Additional Information (""SAI"").",{'source': 'MutualFundSummary/AB Income Fund.txt'}
AB Intermediate Bond Portfolio,Fixed Income Long Only (Low Risk),"AB Intermediate Bond Portfolio

<head_breaker>

AB INTERMEDIATE BOND PORTFOLIO

--------------------------------------------------------------------------------

INVESTMENT OBJECTIVE The Fund's investment objective is to generate income and price appreciation without assuming what the Adviser considers undue risk.

FEES AND EXPENSES OF THE FUND",{'source': 'MutualFundSummary/AB Intermediate Bond Portfolio.txt'}
AB Limited Duration High Income Portfolio,Fixed Income Long Only (Low Risk),"AB Limited Duration High Income Portfolio <head_breaker>

AB LIMITED DURATION HIGH INCOME PORTFOLIO --------------------------------------------------------------------------------

INVESTMENT OBJECTIVE The Fund's investment objective is to seek the highest level of income that is available without assuming what the Adviser considers to be undue risk to principal.

FEES AND EXPENSES OF THE FUND",{'source': 'MutualFundSummary/AB Limited Duration High Income Portfolio.txt'}
AB Massachusetts Portfolio,Fixed Income Long Only (Low Risk),"AB Massachusetts Portfolio

<head_breaker>

AB Massachusetts Portfolio

--------------------------------------------------------------------------------

INVESTMENT OBJECTIVE: The investment objective of the Portfolio is to earn the highest level of current income exempt from both federal income tax and Commonwealth of Massachusetts personal income tax that is available without assuming what the Adviser considers to be undue risk.

FEES AND EXPENSES OF THE PORTFOLIO:",{'source': 'MutualFundSummary/AB Massachusetts Portfolio.txt'}
AB Minnesota Portfolio,Fixed Income Long Only (Low Risk),"AB Minnesota Portfolio

<head_breaker>

AB Minnesota Portfolio

--------------------------------------------------------------------------------

INVESTMENT OBJECTIVE: The investment objective of the Portfolio is to earn the highest level of current income exempt from both federal income tax and State of Minnesota personal income tax that is available without assuming what the Adviser considers to be undue risk.

FEES AND EXPENSES OF THE PORTFOLIO:",{'source': 'MutualFundSummary/AB Minnesota Portfolio.txt'}
AB Municipal Bond Inflation Strategy,Fixed Income Long Only (Low Risk),"AB Municipal Bond Inflation Strategy <head_breaker>

AB MUNICIPAL BOND INFLATION STRATEGY --------------------------------------------------------------------------------

INVESTMENT OBJECTIVE The Fund's investment objective is to maximize real after-tax return for investors subject to federal income taxes, without undue risk to principal.

FEES AND EXPENSES OF THE FUND",{'source': 'MutualFundSummary/AB Municipal Bond Inflation Strategy.txt'}
AB New Jersey Portfolio,Fixed Income Long Only (Low Risk),"AB New Jersey Portfolio

<head_breaker>

AB New Jersey Portfolio

--------------------------------------------------------------------------------

INVESTMENT OBJECTIVE: The investment objective of the Portfolio is to earn the highest level of current income exempt from both federal income tax and State of New Jersey personal income tax that is available without assuming what the Adviser considers to be undue risk.

FEES AND EXPENSES OF THE PORTFOLIO:",{'source': 'MutualFundSummary/AB New Jersey Portfolio.txt'}
AB New York Portfolio,Fixed Income Long Only (Low Risk),"AB New York Portfolio

<head_breaker>

AB New York Portfolio

--------------------------------------------------------------------------------

INVESTMENT OBJECTIVE: The investment objective of the Portfolio is to earn the highest level of current income exempt from both federal income tax and New York State and City income tax that is available without assuming what the Adviser considers to be undue risk to principal or income.

FEES AND EXPENSES OF THE PORTFOLIO:",{'source': 'MutualFundSummary/AB New York Portfolio.txt'}
AB Pennsylvania Portfolio,Fixed Income Long Only (Low Risk),"AB Pennsylvania Portfolio

<head_breaker>

AB Pennsylvania Portfolio

--------------------------------------------------------------------------------

INVESTMENT OBJECTIVE: The investment objective of the Portfolio is to earn the highest level of current income exempt from both federal income tax and Commonwealth of Pennsylvania personal income tax that is available without assuming what the Adviser considers to be undue risk.

FEES AND EXPENSES OF THE PORTFOLIO:",{'source': 'MutualFundSummary/AB Pennsylvania Portfolio.txt'}
AB Real Estate Investment Portfolio,Balanced Fund (Low Risk),"AB Real Estate Investment Portfolio <head_breaker>

AB VPS REAL ESTATE INVESTMENT PORTFOLIO --------------------------------------------------------------------------------

INVESTMENT OBJECTIVE The Portfolio's investment objective is total return from long-term growth of capital and income.

FEES AND EXPENSES OF THE PORTFOLIO

This table describes the fees and expenses that you may pay if you buy and hold shares of the Portfolio. Because the information does not reflect deductions at the separate account level or contract level for any charges that may be incurred under a contract, Contractholders that invest in the Portfolio should refer to the variable contract prospectus for a description of fees and expenses that apply to Contractholders. Inclusion of these charges would increase the fees and expenses provided below.

SHAREHOLDER FEES (fees paid directly from your investment) N/A",{'source': 'MutualFundSummary/AB Real Estate Investment Portfolio.txt'}
AB Small Cap Value Portfolio,Equity Long Only (Low Risk),"AB Small Cap Value Portfolio <head_breaker>

AB SMALL CAP VALUE PORTFOLIO --------------------------------------------------------------------------------

INVESTMENT OBJECTIVE The Fund's investment objective is to seek long-term growth of capital.

FEES AND EXPENSES OF THE FUND

This table describes the fees and expenses that you may pay if you buy and hold shares of the Fund. You may qualify for sales charge reductions if you and members of your family invest, or agree to invest in the future, at least $100,000 in AB Mutual Funds. More information about these and other discounts is available from your financial intermediary and in Investing in the Funds--Sales Charge Reduction Programs for Class A Shares on page 69 of this Prospectus, in Appendix B--Financial Intermediary Waivers of this Prospectus and in Purchase of Shares--Sales Charge Reduction Programs for Class A Shares on page 129 of the Fund's Statement of Additional Information (""SAI"").",{'source': 'MutualFundSummary/AB Small Cap Value Portfolio.txt'}
AB Small/Mid Cap Value Portfolio,Equity Long Only (Low Risk),"AB Small/Mid Cap Value Portfolio <head_breaker>

AB VPS SMALL/MID CAP VALUE PORTFOLIO --------------------------------------------------------------------------------

INVESTMENT OBJECTIVE The Portfolio's investment objective is long-term growth of capital.

FEES AND EXPENSES OF THE PORTFOLIO

This table describes the fees and expenses that you may pay if you buy and hold shares of the Portfolio. Because the information does not reflect deductions at the separate account level or contract level for any charges that may be incurred under a contract, Contractholders that invest in the Portfolio should refer to the variable contract prospectus for a description of fees and expenses that apply to Contractholders. Inclusion of these charges would increase the fees and expenses provided below.

SHAREHOLDER FEES (fees paid directly from your investment) N/A

ANNUAL PORTFOLIO OPERATING EXPENSES (expenses that you pay each year as a percentage of the value of your investment)",{'source': 'MutualFundSummary/AB SmallMid Cap Value Portfolio.txt'}
AB Tax-Aware Fixed Income Portfolio,Fixed Income Long Only (Low Risk),"AB Tax

Aware Fixed Income Portfolio

<head_breaker>

TAX

AWARE

--------------------------------------------------------------------------------

AB TAX

AWARE FIXED INCOME PORTFOLIO

--------------------------------------------------------------------------------

INVESTMENT OBJECTIVE The investment objective of the Fund is to seek to maximize after-tax return and income.

FEES AND EXPENSES OF THE FUND",{'source': 'MutualFundSummary/AB Tax-Aware Fixed Income Portfolio.txt'}
AB Virginia Portfolio,Fixed Income Long Only (Low Risk),"AB Virginia Portfolio

<head_breaker>

AB Virginia Portfolio

--------------------------------------------------------------------------------

INVESTMENT OBJECTIVE:

The investment objective of the Portfolio is to earn the highest level of current income exempt from both federal income tax and Commonwealth of Virginia personal income tax that is available without assuming what the Adviser considers to be undue risk.

FEES AND EXPENSES OF THE PORTFOLIO:",{'source': 'MutualFundSummary/AB Virginia Portfolio.txt'}
AC ALTERNATIVES DISCIPLINED LONG SHORT FUND,Balanced Fund (Low Risk),"AC ALTERNATIVES DISCIPLINED LONG SHORT FUND

<head_breaker>

Fund Summary

Investment Objective

The fund seeks long-term capital growth.

Fees and Expenses

The following table describes the fees and expenses you may pay if you buy and hold shares of the fund. You may qualify for sales charge discounts if you and your family invest, or agree to invest in the future, at least $50,000 in American Century Investments funds. More information about these and other discounts is available from your financial professional and in Calculation of Sales Charges on page 14 of the fund’s prospectus, Appendix A of the fund’s prospectus and Sales Charges in Appendix B of the statement of additional information.

Shareholder Fees (fees paid directly from your investment)

Investor

I1

A

C

R

Maximum Sales Charge (Load) Imposed on

Purchases (as a percentage of offering price)

None

None

5.75%

None

None

Maximum Deferred Sales Charge (Load)

(as a percentage of the lower of the original",{'source': 'MutualFundSummary/AC ALTERNATIVES DISCIPLINED LONG SHORT FUND.txt'}
AC ALTERNATIVES EQUITY MARKET NEUTRAL FUND,Balanced Fund (Low Risk),"AC ALTERNATIVES EQUITY MARKET NEUTRAL FUND

<head_breaker>

Fund Summary

Investment Objective

The fund seeks capital appreciation independent of equity market conditions.

Fees and Expenses

The following table describes the fees and expenses you may pay if you buy and hold shares of the fund. You may qualify for sales charge discounts if you and your family invest, or agree to invest in the future, at least $50,000 in American Century Investments funds. More information about these and other discounts is available from your financial professional and in Calculation of Sales Charges on page 15 of the fund’s prospectus, Appendix A of the fund’s prospectus and Sales Charges in Appendix B of the statement of additional information.

Shareholder Fees (fees paid directly from your investment)

Investor

I1

Y

A

C

R

R5

Maximum Sales Charge (Load) Imposed on Purchases (as a percentage of offering price)

None

None

None

5.75%

None

None

None",{'source': 'MutualFundSummary/AC ALTERNATIVES EQUITY MARKET NEUTRAL FUND.txt'}
ADAPTIVE EQUITY FUND,Equity Long Only (Low Risk),"The fund uses an approach to common stock investing developed by the fund’s investment advisor. This approach relies heavily on quantitative tools to identify attractive investment opportunities, regardless of company size, industry type or geographic location, on a disciplined, consistent basis.

The portfolio managers use these quantitative tools to rank stocks from most attractive to least attractive in a model that uses factors that the advisor believes are predictive of a stock’s performance. These factors can be classified into categories related to general market conditions and those based on stock specific criteria. Factors related to general market conditions help determine the importance of the stock specific criteria, which may include those related to valuation, quality, growth and sentiment. The managers also use portfolio optimization to provide a balance between risk and expected return.",{'source': 'MutualFundSummary/ADAPTIVE EQUITY FUND.txt'}
Aggressive Growth Fund,Equity Long Only (Low Risk),"Aggressive Growth Fund

<head_breaker>",{'source': 'MutualFundSummary/Aggressive Growth Fund.txt'}
ALL CAP GROWTH FUND,Equity Long Only (Low Risk),"ALL CAP GROWTH FUND

<head_breaker>

Fund Summary Investment Objective The fund seeks long-term capital growth. Fees and Expenses The following table describes the fees and expenses you may pay if you buy and hold shares of the fund. You may qualify for sales charge discounts if you and your family invest, or agree to invest in the future, at least $50,000 in American Century Investments funds. More information about these and other discounts is available from your financial professional and in Calculation of Sales Charges on page 12 of the fund’s prospectus, Appendix A of the fund’s prospectus and Sales Charges in Appendix B of the statement of additional information. Shareholder Fees (fees paid directly from your investment)",{'source': 'MutualFundSummary/ALL CAP GROWTH FUND.txt'}
AllianzGI Emerging Markets Opportunities Fund,Equity Long Only (Low Risk),"Principal Investment Strategies

The Fund seeks to achieve its investment objective by normally investing at least 80% of its net assets (plus borrowings made for investment purposes) in securities of companies that are tied economically to countries with emerging securities markets–that is, countries with securities markets that are, in the opinion of the portfolio managers, less sophisticated than more developed markets in terms of participation by investors, analyst

Prospectus	 	 	1 Table of Contents AllianzGI Emerging Markets Opportunities Fund (continued)",{'source': 'MutualFundSummary/AllianzGI Emerging Markets Opportunities Fund.txt'}
AllianzGI Focused Growth Fund,Equity Long Only (Low Risk),"AllianzGI Focused Growth Fund

<head_breaker>

Investment Objective

The Fund seeks long

term capital appreciation.

Fees and Expenses of the Fund",{'source': 'MutualFundSummary/AllianzGI Focused Growth Fund.txt'}
AllianzGI Global Natural Resources Fund,Equity Long Only (Low Risk),"Principal Investment Strategies

The Fund seeks to achieve its investment objective by normally investing at least 80% of its net assets (plus borrowings made for investment purposes) in equity securities of companies that are associated with natural resources, including those companies that are principally or substantially engaged in the research, development, manufacturing, extraction, distribution or sale of materials, energy or goods related to the Agriculture, Energy, Materials or Commodity-Related Industrials sectors. The Fund considers (i) the Agriculture sector to include products such as grain, vegetable oils, livestock and agricultural-type products such as coffee; (ii) the Energy sector to include products such as natural gas, oil, alternative energy and electricity, energy storage and coal; (iii) the Materials sector to include products such as

Prospectus	 	 	9 Table of Contents AllianzGI Global Natural Resources Fund (continued)",{'source': 'MutualFundSummary/AllianzGI Global Natural Resources Fund.txt'}
AllianzGI Global Small-Cap Fund,Equity Long Only (Low Risk),"Principal Investment Strategies

The Fund seeks to achieve its objective by normally investing at least 80% of its net assets (plus borrowings made for investment purposes) in companies with market capitalizations comparable to those of companies included in the MSCI World Small-Cap Index (between $[    ] million and $[    ] billion as of June 30, 2018). Under normal market and other conditions, the Fund expects to maintain a weighted-average market capitalization between 50% and 200% of the weighted-average market capitalization of the securities in the MSCI World Small-Cap Index, which as of June 30, 2018 would permit the Fund to maintain a weighted- average market capitalization ranging from $[    ] billion to $[    ] billion. The Fund normally will allocate its investments among securities of

Prospectus	 	 	13

Table of Contents

AllianzGI Global Small

Cap Fund (continued)",{'source': 'MutualFundSummary/AllianzGI Global Small-Cap Fund.txt'}
AllianzGI Health Sciences Fund,Equity Long Only (Low Risk),"Principal Investment Strategies

The Fund seeks to achieve its objective by normally investing at least 80% of its net assets (plus borrowings made for investment purposes) in health sciences-related companies. The Fund considers health sciences-related companies to include companies that design, manufacture or sell products or services used for or in connection with healthcare, medicine or life sciences. The Fund will invest primarily in common stocks and other equity securities. Although the Fund may invest in companies of any market capitalization, the Fund does not currently intend to invest more than 15% of its assets in companies with market capitalizations below $1 billion. The Fund

18	 	Allianz Funds Table of Contents AllianzGI Health Sciences Fund (continued)",{'source': 'MutualFundSummary/AllianzGI Health Sciences Fund.txt'}
AllianzGI Income & Growth Fund,Balanced Fund (Low Risk),"AllianzGI Income & Growth Fund <head_breaker>

Investment Objective

The Fund seeks total return comprised of current income, current gains and capital appreciation.

Fees and Expenses of the Fund",{'source': 'MutualFundSummary/AllianzGI Income _ Growth Fund.txt'}
AllianzGI Mid-Cap Fund,Equity Long Only (Low Risk),"Please see “Summary of Principal Risks” in the Fund’s prospectus for a more detailed description of the Fund’s risks. It is possible to lose money on an investment in the Fund. An investment in the Fund is not a deposit of a bank and is not insured or guaranteed by the Federal Deposit Insurance Corporation or any other government agency.

Performance Information

The performance information below provides some indication of the risks of investing in the Fund by showing changes in its total return from year to year and by comparing the Fund’s average annual total returns with those of a broad-based market index and performance averages of similar mutual funds. The bar chart and the information

Prospectus	 	 	27

Table of Contents

AllianzGI Mid

Cap Fund (continued)",{'source': 'MutualFundSummary/AllianzGI Mid-Cap Fund.txt'}
AllianzGI NFJ Dividend Value Fund,Equity Long Only (Low Risk),"AllianzGI NFJ Dividend Value Fund <head_breaker>

Investment Objective

The Fund seeks long-term growth of capital and income.

Fees and Expenses of the Fund",{'source': 'MutualFundSummary/AllianzGI NFJ Dividend Value Fund.txt'}
AllianzGI NFJ International Value Fund,Equity Long Only (Low Risk),"AllianzGI NFJ International Value Fund <head_breaker>

Investment Objective

The Fund seeks long-term growth of capital and income.

Fees and Expenses of the Fund",{'source': 'MutualFundSummary/AllianzGI NFJ International Value Fund.txt'}
AllianzGI NFJ Large-Cap Value Fund,Equity Long Only (Low Risk),"AllianzGI NFJ Large

Cap Value Fund

<head_breaker>

Investment Objective

The Fund seeks long-term growth of capital and income.

Fees and Expenses of the Fund",{'source': 'MutualFundSummary/AllianzGI NFJ Large-Cap Value Fund.txt'}
AllianzGI NFJ Mid-Cap Value Fund,Equity Long Only (Low Risk),"AllianzGI NFJ Mid

Cap Value Fund

<head_breaker>

Investment Objective

The Fund seeks long-term growth of capital and income.

Fees and Expenses of the Fund",{'source': 'MutualFundSummary/AllianzGI NFJ Mid-Cap Value Fund.txt'}
AllianzGI NFJ Small-Cap Value Fund,Equity Long Only (Low Risk),"Prospectus	 	 	47

Table of Contents

AllianzGI NFJ Small

Cap Value Fund (continued)

Please see “Summary of Principal Risks” in the Fund’s prospectus for a more detailed description of the Fund’s risks. It is possible to lose money on an investment in the Fund. An investment in the Fund is not a deposit of a bank and is not insured or guaranteed by the Federal Deposit Insurance Corporation or any other government agency.

Performance Information",{'source': 'MutualFundSummary/AllianzGI NFJ Small-Cap Value Fund.txt'}
AllianzGI Small-Cap Fund,Equity Long Only (Low Risk),"Principal Investment Strategies

The Fund seeks to achieve its objective by normally investing at least 80% of its net assets (plus borrowings made for investment purposes) in companies with smaller market capitalizations. The Fund expects to invest principally in U.S. companies but may invest to a lesser extent in non-U.S. companies. The Fund currently considers smaller market capitalization companies to be companies with market capitalizations that are smaller than the largest company in the Russell 2000 Index (approximately $[    ] billion as of June 30, 2018). The portfolio managers generally seek exposure to smaller capitalization companies by employing four distinct small cap strategies or “sleeves” for selecting individual stocks:

U.S. Systematic Small

Cap.  The U.S. Systemic Small

Cap sleeve normally invests primarily in common stocks of companies with smaller market capitalizations that are listed on U.S. exchanges. The team’s quantitative

50	 	Allianz Funds",{'source': 'MutualFundSummary/AllianzGI Small-Cap Fund.txt'}
AllianzGI Technology Fund,Equity Long Only (Low Risk),"AllianzGI Technology Fund

<head_breaker>

Investment Objective

The Fund seeks long

term capital appreciation.

Fees and Expenses of the Fund

The tables below describe the fees and expenses that you may pay if you buy and hold shares of the Fund. You may qualify for sales charge discounts if you and your family invest, or agree to invest in the future, at least $50,000 in Class A shares of eligible funds that are part of the family of mutual funds sponsored by Allianz. More information about these and other discounts is available in the “Classes of Shares” section beginning on page 98 of the Fund’s prospectus or from your financial advisor. In addition, if you purchase shares through a specific intermediary, you may be subject to different sales charges including reductions in or waivers of such charges. More information about these intermediary-specific sales charge variations is available in Appendix A to the Fund’s prospectus (“Intermediary Sales Charge Discounts and Waivers”).",{'source': 'MutualFundSummary/AllianzGI Technology Fund.txt'}
American Century Diversified Corporate Bond ETF,Fixed Income Long Only (Low Risk),"American Century Diversified Corporate Bond ETF

<head_breaker>

Fund Summary

Investment Objective

The fund seeks to provide current income.

Fees and Expenses

The following table describes the fees and expenses you may pay if you buy and hold shares of the fund. You may also incur usual and customary brokerage commissions when buying or selling shares of the fund, which are not reflected in the example that follows.

Annual Fund Operating Expenses (expenses that you pay each year as a percentage of the value of your investment)

Management Fee

0.45%

Other Expenses

0.00%

Total Annual Fund Operating Expenses

0.45%

Example",{'source': 'MutualFundSummary/American Century Diversified Corporate Bond ETF.txt'}
American Century Growth ETF,Equity Long Only (Low Risk),"American Century Growth ETF

<head_breaker>

Fund Summary

Investment Objective

The fund seeks long-term capital growth.

Fees and Expenses

The following table describes the fees and expenses you may pay if you buy and hold shares of the fund. You may also incur usual and customary brokerage commissions when buying or selling shares of the fund, which are not reflected in the example that follows.

Annual Fund Operating Expenses (expenses that you pay each year as a percentage of the value of your investment)

Management Fee

[____]%

Other Expenses1

[____]%

Total Annual Fund Operating Expenses

[____]%

1Other expenses are based on estimated amounts for the current fiscal year.

Example",{'source': 'MutualFundSummary/American Century Growth ETF.txt'}
American Century Diversified Municipal Bond ETF,Fixed Income Long Only (Low Risk),"American Century Diversified Municipal Bond ETF

<head_breaker>

Fund Summary

Investment Objective

The fund seeks current income that is exempt from federal income tax.

Fees and Expenses

The following table describes the fees and expenses you may pay if you buy and hold shares of the fund. You may also incur usual and customary brokerage commissions when buying or selling shares of the fund, which are not reflected in the example that follows.

Annual Fund Operating Expenses (expenses that you pay each year as a percentage of the value of your investment)

Management Fee

0.29%

Other Expenses1

0.00%

Total Annual Fund Operating Expenses

0.29%

1Other expenses are based on estimated amounts for the current fiscal year.

Example",{'source': 'MutualFundSummary/American Century Diversified Municipal Bond ETF.txt'}
American Century Quality Diversified International ETF,Equity Long Only (Low Risk),"American Century Quality Diversified International ETF

<head_breaker>

Fund Summary

Investment Objective

The fund seeks to provide investment results that closely correspond, before fees and expenses, to the performance of the Alpha Vee American Century Diversified International Equity Index (the “Index”).

Fees and Expenses

The following table describes the fees and expenses you may pay if you buy and hold shares of the fund. You may also incur usual and customary brokerage commissions when buying or selling shares of the fund, which are not reflected in the example that follows.

Annual Fund Operating Expenses (expenses that you pay each year as a percentage of the value of your investment)

Management Fee

0.39%

Other Expenses1

0.00%

Total Annual Fund Operating Expenses

0.39%

1

Other expenses are based on estimated amounts for the current fiscal year.

Example",{'source': 'MutualFundSummary/American Century Quality Diversified International ETF.txt'}
American Century STOXX U.S. Quality Growth ETF,Equity Long Only (Low Risk),"American Century STOXX U.S. Quality Growth ETF

<head_breaker>

Fund Summary

Investment Objective

The fund seeks to provide investment results that closely correspond, before fees and expenses, to the performance of the iSTOXX American Century USA Quality Growth Index (the “Index”).

Fees and Expenses

The following table describes the fees and expenses you may pay if you buy and hold shares of the fund. You may also incur usual and customary brokerage commissions when buying or selling shares of the fund, which are not reflected in the example that follows.

Annual Fund Operating Expenses (expenses that you pay each year as a percentage of the value of your investment)

Management Fee

0.29%

Other Expenses1

0.00%

Total Annual Fund Operating Expenses

0.29%

1

Other expenses are based on estimated amounts for the current fiscal year.

Example",{'source': 'MutualFundSummary/American Century STOXX U.S. Quality Growth ETF.txt'}
American Century STOXX U.S. Quality Value ETF,Balanced Fund (Low Risk),American Century STOXX U.S. Quality Value ETF <head_breaker>,{'source': 'MutualFundSummary/American Century STOXX U.S. Quality Value ETF.txt'}
American Century Value ETF,Equity Long Only (Low Risk),"American Century Value ETF

<head_breaker>

Fund Summary

Investment Objective

The fund seeks long-term capital growth.

Fees and Expenses

The following table describes the fees and expenses you may pay if you buy and hold shares of the fund. You may also incur usual and customary brokerage commissions when buying or selling shares of the fund, which are not reflected in the example that follows.

Annual Fund Operating Expenses (expenses that you pay each year as a percentage of the value of your investment)

Management Fee

[____]%

Other Expenses1

[____]%

Total Annual Fund Operating Expenses

[____]%

1Other expenses are based on estimated amounts for the current fiscal year.

Example",{'source': 'MutualFundSummary/American Century Value ETF.txt'}
American Funds 2010 Target Date Retirement Fund,Balanced Fund (Low Risk),"American Funds Target Date Retirement Series / Prospectus     71

Principal investment strategies The fund will attempt to achieve its investment objectives by investing in a mix of American Funds in different combinations and weightings. The underlying American Funds represent a variety of fund categories, including growth-and-income funds, equity-income funds, balanced funds and fixed income funds. The fund categories represent differing investment objectives. For example, growth-and-income funds seek long-term growth and income primarily through investments in stocks. Equity-income and balanced funds generally strive for income and growth through stocks and/or bond investments, while bond funds seek current income through bond investments. The fund is designed for investors who have retired in, or close to, the year designated in the fund’s name.",{'source': 'MutualFundSummary/American Funds 2010 Target Date Retirement Fund.txt'}
American Funds 2015 Target Date Retirement Fund,Balanced Fund (Low Risk),"American Funds 2015 Target Date Retirement Fund <head_breaker>

American Funds 2015 Target Date Retirement Fund

Investment objectives Depending on the proximity to its target date, the fund will seek to achieve the following objectives to varying degrees: growth, income and conservation of capital. The fund will increasingly emphasize income and conservation of capital by investing a greater portion of its assets in bond, equity-income and balanced funds as it approaches and passes its target date. In this way, the fund seeks to balance total return and stability over time.",{'source': 'MutualFundSummary/American Funds 2015 Target Date Retirement Fund.txt'}
American Funds 2020 Target Date Retirement Fund,Balanced Fund (Low Risk),"American Funds 2020 Target Date Retirement Fund <head_breaker>

American Funds 2020 Target Date Retirement Fund

Investment objectives Depending on the proximity to its target date, the fund will seek to achieve the following objectives to varying degrees: growth, income and conservation of capital. The fund will increasingly emphasize income and conservation of capital by investing a greater portion of its assets in bond, equity-income and balanced funds as it approaches and passes its target date. In this way, the fund seeks to balance total return and stability over time.",{'source': 'MutualFundSummary/American Funds 2020 Target Date Retirement Fund.txt'}
American Funds 2025 Target Date Retirement Fund,Balanced Fund (Low Risk),"American Funds 2025 Target Date Retirement Fund <head_breaker>

American Funds 2025 Target Date Retirement Fund

Investment objectives Depending on the proximity to its target date, the fund will seek to achieve the following objectives to varying degrees: growth, income and conservation of capital. The fund will increasingly emphasize income and conservation of capital by investing a greater portion of its assets in bond, equity-income and balanced funds as it approaches and passes its target date. In this way, the fund seeks to balance total return and stability over time.",{'source': 'MutualFundSummary/American Funds 2025 Target Date Retirement Fund.txt'}
American Funds 2030 Target Date Retirement Fund,Balanced Fund (Low Risk),"American Funds 2030 Target Date Retirement Fund <head_breaker>

American Funds 2030 Target Date Retirement Fund

Investment objectives Depending on the proximity to its target date, the fund will seek to achieve the following objectives to varying degrees: growth, income and conservation of capital. The fund will increasingly emphasize income and conservation of capital by investing a greater portion of its assets in bond, equity-income and balanced funds as it approaches and passes its target date. In this way, the fund seeks to balance total return and stability over time.",{'source': 'MutualFundSummary/American Funds 2030 Target Date Retirement Fund.txt'}
American Funds 2035 Target Date Retirement Fund,Balanced Fund (Low Risk),"American Funds 2035 Target Date Retirement Fund <head_breaker>

American Funds 2035 Target Date Retirement Fund

Investment objectives Depending on the proximity to its target date, the fund will seek to achieve the following objectives to varying degrees: growth, income and conservation of capital. The fund will increasingly emphasize income and conservation of capital by investing a greater portion of its assets in bond, equity-income and balanced funds as it approaches and passes its target date. In this way, the fund seeks to balance total return and stability over time.",{'source': 'MutualFundSummary/American Funds 2035 Target Date Retirement Fund.txt'}
American Funds 2040 Target Date Retirement Fund,Balanced Fund (Low Risk),"American Funds 2040 Target Date Retirement Fund <head_breaker>

American Funds 2040 Target Date Retirement Fund

Investment objectives Depending on the proximity to its target date, the fund will seek to achieve the following objectives to varying degrees: growth, income and conservation of capital. The fund will increasingly emphasize income and conservation of capital by investing a greater portion of its assets in bond, equity-income and balanced funds as it approaches and passes its target date. In this way, the fund seeks to balance total return and stability over time.",{'source': 'MutualFundSummary/American Funds 2040 Target Date Retirement Fund.txt'}
American Funds 2045 Target Date Retirement Fund,Balanced Fund (Low Risk),"American Funds 2045 Target Date Retirement Fund <head_breaker>

American Funds 2045 Target Date Retirement Fund

Investment objectives Depending on the proximity to its target date, the fund will seek to achieve the following objectives to varying degrees: growth, income and conservation of capital. The fund will increasingly emphasize income and conservation of capital by investing a greater portion of its assets in bond, equity-income and balanced funds as it approaches and passes its target date. In this way, the fund seeks to balance total return and stability over time.",{'source': 'MutualFundSummary/American Funds 2045 Target Date Retirement Fund.txt'}
American Funds 2050 Target Date Retirement Fund,Balanced Fund (Low Risk),"American Funds 2050 Target Date Retirement Fund <head_breaker>

American Funds 2050 Target Date Retirement Fund

Investment objectives Depending on the proximity to its target date, the fund will seek to achieve the following objectives to varying degrees: growth, income and conservation of capital. The fund will increasingly emphasize income and conservation of capital by investing a greater portion of its assets in bond, equity-income and balanced funds as it approaches and passes its target date. In this way, the fund seeks to balance total return and stability over time.",{'source': 'MutualFundSummary/American Funds 2050 Target Date Retirement Fund.txt'}
American Funds 2055 Target Date Retirement Fund,Balanced Fund (Low Risk),"American Funds 2055 Target Date Retirement Fund <head_breaker>

American Funds 2055 Target Date Retirement Fund

Investment objectives Depending on the proximity to its target date, the fund will seek to achieve the following objectives to varying degrees: growth, income and conservation of capital. The fund will increasingly emphasize income and conservation of capital by investing a greater portion of its assets in bond, equity-income and balanced funds as it approaches and passes its target date. In this way, the fund seeks to balance total return and stability over time.",{'source': 'MutualFundSummary/American Funds 2055 Target Date Retirement Fund.txt'}
American Funds College 2018 Fund,Balanced Fund (Low Risk),"American Funds College 2018 Fund <head_breaker>

American Funds College 2018 Fund

Investment objectives The fund will seek to achieve the following objectives to varying degrees: growth, income and preservation of capital, depending on the proximity to its target date. The target date is meant to roughly correspond to the year in which the fund beneficiary will start to withdraw funds to meet higher education expenses. The fund will increasingly emphasize income and preservation of capital by investing a greater portion of its assets in bond, equity-income and balanced funds as it approaches and passes its target date. In this way, the fund seeks to achieve an appropriate balance of total return and stability during different time periods.",{'source': 'MutualFundSummary/American Funds College 2018 Fund.txt'}
American Funds 2060 Target Date Retirement Fund,Balanced Fund (Low Risk),"American Funds 2060 Target Date Retirement Fund <head_breaker>

American Funds 2060 Target Date Retirement Fund

Investment objectives Depending on the proximity to its target date, the fund will seek to achieve the following objectives to varying degrees: growth, income and conservation of capital. The fund will increasingly emphasize income and conservation of capital by investing a greater portion of its assets in bond, equity-income and balanced funds as it approaches and passes its target date. In this way, the fund seeks to balance total return and stability over time.",{'source': 'MutualFundSummary/American Funds 2060 Target Date Retirement Fund.txt'}
American Funds College 2021 Fund,Balanced Fund (Low Risk),"American Funds College 2021 Fund <head_breaker>

American Funds College 2021 Fund

Investment objectives The fund will seek to achieve the following objectives to varying degrees: growth, income and preservation of capital, depending on the proximity to its target date. The target date is meant to roughly correspond to the year in which the fund beneficiary will start to withdraw funds to meet higher education expenses. The fund will increasingly emphasize income and preservation of capital by investing a greater portion of its assets in bond, equity-income and balanced funds as it approaches and passes its target date. In this way, the fund seeks to achieve an appropriate balance of total return and stability during different time periods.",{'source': 'MutualFundSummary/American Funds College 2021 Fund.txt'}
American Funds College 2024 Fund,Balanced Fund (Low Risk),"American Funds College 2024 Fund <head_breaker>

American Funds College 2024 Fund

Investment objectives The fund will seek to achieve the following objectives to varying degrees: growth, income and preservation of capital, depending on the proximity to its target date. The target date is meant to roughly correspond to the year in which the fund beneficiary will start to withdraw funds to meet higher education expenses. The fund will increasingly emphasize income and preservation of capital by investing a greater portion of its assets in bond, equity-income and balanced funds as it approaches and passes its target date. In this way, the fund seeks to achieve an appropriate balance of total return and stability during different time periods.",{'source': 'MutualFundSummary/American Funds College 2024 Fund.txt'}
American Funds College 2027 Fund,Balanced Fund (Low Risk),"American Funds College 2027 Fund <head_breaker>

American Funds College 2027 Fund

Investment objectives The fund will seek to achieve the following objectives to varying degrees: growth, income and preservation of capital, depending on the proximity to its target date. The target date is meant to roughly correspond to the year in which the fund beneficiary will start to withdraw funds to meet higher education expenses. The fund will increasingly emphasize income and preservation of capital by investing a greater portion of its assets in bond, equity-income and balanced funds as it approaches and passes its target date. In this way, the fund seeks to achieve an appropriate balance of total return and stability during different time periods.",{'source': 'MutualFundSummary/American Funds College 2027 Fund.txt'}
American Funds College 2030 Fund,Balanced Fund (Low Risk),"American Funds College 2030 Fund <head_breaker>

American Funds College 2030 Fund

Investment objectives The fund will seek to achieve the following objectives to varying degrees: growth, income and preservation of capital, depending on the proximity to its target date. The target date is meant to roughly correspond to the year in which the fund beneficiary will start to withdraw funds to meet higher education expenses. The fund will increasingly emphasize income and preservation of capital by investing a greater portion of its assets in bond, equity-income and balanced funds as it approaches and passes its target date. In this way, the fund seeks to achieve an appropriate balance of total return and stability during different time periods.",{'source': 'MutualFundSummary/American Funds College 2030 Fund.txt'}
American Funds College 2033 Fund,Balanced Fund (Low Risk),"American Funds College 2033 Fund <head_breaker>

American Funds College 2033 Fund

Investment objectives The fund will seek to achieve the following objectives to varying degrees: growth, income and preservation of capital, depending on the proximity to its target date. The target date is meant to roughly correspond to the year in which the fund beneficiary will start to withdraw funds to meet higher education expenses. The fund will increasingly emphasize income and preservation of capital by investing a greater portion of its assets in bond, equity-income and balanced funds as it approaches and passes its target date. In this way, the fund seeks to achieve an appropriate balance of total return and stability during different time periods.",{'source': 'MutualFundSummary/American Funds College 2033 Fund.txt'}
American Funds College 2036 Fund,Balanced Fund (Low Risk),"American Funds College 2036 Fund <head_breaker>

American Funds College 2036 Fund

Investment objectives The fund will seek to achieve the following objectives to varying degrees: growth, income and preservation of capital, depending on the proximity to its target date. The target date is meant to roughly correspond to the year in which the fund beneficiary will start to withdraw funds to meet higher education expenses. The fund will increasingly emphasize income and preservation of capital by investing a greater portion of its assets in bond, equity-income and balanced funds as it approaches and passes its target date. In this way, the fund seeks to achieve an appropriate balance of total return and stability during different time periods.",{'source': 'MutualFundSummary/American Funds College 2036 Fund.txt'}
American Funds College Enrollment Fund,Balanced Fund (Low Risk),"American Funds College Enrollment Fund <head_breaker>

American Funds College Enrollment Fund

Investment objective The fund’s investment objective is to provide current income, consistent with preservation of capital.

Fees and expenses of the fund This table describes the fees and expenses that you may pay if you buy and hold shares of the fund. You may qualify for a Class 529-A sales charge discount if you and your family invest, or agree to invest in the future, at least $500,000 in American Funds. More information about these and other discounts is available from your financial professional, in the “Sales charge reductions and waivers” sections on page 67 of the prospectus and on page 80 of the fund’s statement of additional information, and in the sales charge waiver appendix to this prospectus.",{'source': 'MutualFundSummary/American Funds College Enrollment Fund.txt'}
American Funds Conservative Growth and Income Portfolio,Balanced Fund (Low Risk),"American Funds Conservative Growth and Income Portfolio <head_breaker>

American Funds Conservative Growth and Income Portfolio

Investment objective The fund’s investment objective is to provide current income and, secondarily, long-term growth of capital.",{'source': 'MutualFundSummary/American Funds Conservative Growth and Income Portfolio.txt'}
American Funds Moderate Growth and Income Portfolio,Balanced Fund (Low Risk),"American Funds Moderate Growth and Income Portfolio <head_breaker>

American Funds Moderate Growth and Income Portfolio

Investment objectives The fund’s investment objectives are to provide current income and long-term growth of capital and income.",{'source': 'MutualFundSummary/American Funds Moderate Growth and Income Portfolio.txt'}
American Funds Preservation Portfolio,Balanced Fund (Low Risk),"American Funds Preservation Portfolio

<head_breaker>

American Funds Preservation Portfolio

Investment objective The fund’s investment objective is to provide current income, consistent with preservation of capital.

Fees and expenses of the fund This table describes the fees and expenses that you may pay if you buy and hold shares of the fund. In addition to the fees and expenses described below, you may also be required to pay brokerage commissions on purchases and sales of Class F-2 or F-3 shares of the fund. You may qualify for a Class A sales charge discount if you and your family invest, or agree to invest in the future, at least $500,000 in American Funds. More information about these and other discounts is available from your financial professional, in the “Sales charge reductions and waivers” sections on page 76 of the prospectus and on page 96 of the fund’s statement of additional information, and in the sales charge waiver appendix to this prospectus.",{'source': 'MutualFundSummary/American Funds Preservation Portfolio.txt'}
American Funds Retirement Income Portfolio - Conservative,Balanced Fund (Low Risk),"American Funds Retirement Income Portfolio Series / Prospectus     2

Principal investment strategies The fund is intended primarily for investors who are already in retirement or plan to retire in the near future and who are seeking an investment for use with a periodic withdrawal program. In some cases, all or a portion of any distribution from the fund may include the investor’s original investment. The American Funds Retirement Income Portfolio – Conservative (“Conservative Portfolio” or the “fund”) is designed for investors who desire a potentially lower level of downside risk in exchange for a potentially lower level of income and growth of capital. The fund is not designed to be the sole option for the investor’s retirement income needs nor is there any guarantee that the fund will provide adequate income through retirement.",{'source': 'MutualFundSummary/American Funds Retirement Income Portfolio - Conservative.txt'}
American Funds Retirement Income Portfolio - Moderate,Balanced Fund (Low Risk),"9     American Funds Retirement Income Portfolio Series / Prospectus

Principal investment strategies The fund is intended primarily for investors who are already in retirement or plan to retire in the near future and who are seeking an investment for use with a periodic withdrawal program. In some cases, all or a portion of any distribution from the fund may include the investor’s original investment. The American Funds Retirement Income Portfolio – Moderate (“Moderate Portfolio” or the “fund”) is designed for investors who desire a balanced approach to downside risk, income and growth of capital. The fund is not designed to be the sole option for the investor’s retirement income needs nor is there any guarantee that the fund will provide adequate income through retirement.",{'source': 'MutualFundSummary/American Funds Retirement Income Portfolio - Moderate.txt'}
American Funds Retirement Income Portfolio - Enhanced,Balanced Fund (Low Risk),"American Funds Retirement Income Portfolio Series / Prospectus     16

Principal investment strategies The fund is intended primarily for investors who are already in retirement or plan to retire in the near future and who are seeking an investment for use with a periodic withdrawal program. In some cases, all or a portion of any distribution from the fund may include the investor’s original investment. The American Funds Retirement Income Portfolio – Enhanced (“Enhanced Portfolio” or the “fund”) is designed for investors who desire a potentially higher level of income and growth of capital in exchange for potentially greater downside risk. The fund is not designed to be the sole option for the investor’s retirement income needs nor is there any guarantee that the fund will provide adequate income through retirement.",{'source': 'MutualFundSummary/American Funds Retirement Income Portfolio - Enhanced.txt'}
American Funds Tax-Advantaged Growth and Income Portfolio,Balanced Fund (Low Risk),"American Funds Tax-Advantaged Growth and Income Portfolio <head_breaker>

American Funds Tax-Advantaged Growth and Income Portfolio

Investment objective The fund’s investment objective is to provide current income, a portion of which is exempt from regular federal income tax, while secondarily striving for long-term growth of capital.",{'source': 'MutualFundSummary/American Funds Tax-Advantaged Growth and Income Portfolio.txt'}
American Funds Tax-Exempt Preservation Portfolio,Fixed Income Long Only (Low Risk),"American Funds Tax

Exempt Preservation Portfolio

<head_breaker>

American Funds Tax

Exempt Preservation Portfolio

Investment objective The fund’s investment objective is to provide current income that is exempt from regular federal income tax, consistent with preservation of capital.",{'source': 'MutualFundSummary/American Funds Tax-Exempt Preservation Portfolio.txt'}
American Funds U.S. Government Money Market Fund,Fixed Income Long Only (Low Risk),"The fund relies on the professional judgment of its investment adviser to make decisions about the fund’s portfolio investments. The basic investment philosophy of the investment adviser is to seek to provide current income while preserving capital and maintaining liquidity. The investment adviser believes that an important way to accomplish this is by analyzing various factors, including the credit strength of the issuer, prices of similar securities issued by comparable issuers, current and anticipated changes in interest rates, general market conditions and other factors pertinent to the particular security being evaluated.

American Funds U.S. Government Money Market Fund / Prospectus     4

Principal risks This section describes the principal risks associated with investing in the fund. Although the fund seeks to preserve the value of your investment at $1.00 per share, it is possible to lose money by investing in the fund.",{'source': 'MutualFundSummary/American Funds U.S. Government Money Market Fund.txt'}
Anchor Tactical Credit Strategies Fund,Balanced Fund (Low Risk),"Anchor Tactical Credit Strategies Fund <head_breaker>

FUND SUMMARY - ANCHOR TACTICAL CREDIT STRATEGIES FUND

Investment Objective: The Fund seeks to provide total return from income and capital appreciation with a secondary objective of limiting risk during unfavorable market conditions.

Fees and Expenses of the Fund: This table describes the fees and expenses that you may pay if you buy and hold shares of the Fund.

Shareholder Fees

(fees paid directly from your investment)

Institutional Class Maximum Sales Charge (Load) Imposed on Purchases

(as a percentage of offering price)

None Maximum Deferred Sales Charge (Load)

(as a percentage of offering price)

None Maximum Sales Charge (Load) Imposed

on Reinvested Dividends and other Distributions

(as a percentage of offering price)

None

Redemption Fee

(as a % of amount redeemed on shares held less than 60 days)

None

Annual Fund Operating Expenses",{'source': 'MutualFundSummary/Anchor Tactical Credit Strategies Fund.txt'}
Anchor Tactical Municipal Strategies Fund,Balanced Fund (Low Risk),"Anchor Tactical Municipal Strategies Fund <head_breaker>

FUND SUMMARY - ANCHOR TACTICAL MUNICIPAL STRATEGIES FUND

Investment Objective: The Fund seeks to provide total return from income and capital appreciation with a secondary objective of limiting risk during unfavorable market conditions.

Fees and Expenses of the Fund: This table describes the fees and expenses that you may pay if you buy and hold shares of the Fund.

Shareholder Fees

(fees paid directly from your investment)

Investor Class	Institutional Class Maximum Sales Charge (Load) Imposed on Purchases (as a percentage of offering price)	None	None Maximum Deferred Sales Charge (Load) (as a percentage of offering price)	None	None Maximum Sales Charge (Load) Imposed on Reinvested Dividends and other Distributions (as a percentage of offering price)	None	None Redemption Fee (as a % of amount redeemed on shares held less than 60 days)	None	None Annual Fund Operating Expenses",{'source': 'MutualFundSummary/Anchor Tactical Municipal Strategies Fund.txt'}
Asset Allocation Fund,Balanced Fund (Low Risk),"The investment adviser uses a system of multiple portfolio managers in managing the fund’s assets. Under this approach, the portfolio of the fund is divided into segments managed by individual managers who decide how their respective segments will be invested.

The fund relies on the professional judgment of its investment adviser to make decisions about the fund’s portfolio investments. The basic investment philosophy of the investment adviser is to seek to invest in attractively priced securities that, in its opinion, represent good, long-term investment opportunities. The investment adviser believes that an important way to accomplish this is through fundamental analysis, which may include meeting with company executives and employees, suppliers, customers and competitors. Securities may be sold when the investment adviser believes that they no longer represent relatively attractive investment opportunities.

American Funds Insurance Series / Prospectus     32

Principal risks",{'source': 'MutualFundSummary/Asset Allocation Fund.txt'}
Anchor Tactical Equity Strategies Fund,Balanced Fund (Low Risk),"Anchor Tactical Equity Strategies Fund <head_breaker>

FUND SUMMARY - ANCHOR TACTICAL EQUITY STRATEGIES FUND

Investment Objective: The Fund seeks to provide total return from income and capital appreciation with a secondary objective of limiting risk during unfavorable market conditions.

Fees and Expenses of the Fund: This table describes the fees and expenses that you may pay if you buy and hold shares of the Fund.

Shareholder Fees

(fees paid directly from your investment)

Investor Class	Institutional Class Maximum Sales Charge (Load) Imposed on Purchases (as a percentage of offering price)	None	None Maximum Deferred Sales Charge (Load) (as a percentage of offering price)	None	None Maximum Sales Charge (Load) Imposed on Reinvested Dividends and other Distributions (as a percentage of offering price)	None	None Redemption Fee (as a % of amount redeemed on shares held less than 60 days)	None	None Annual Fund Operating Expenses",{'source': 'MutualFundSummary/Anchor Tactical Equity Strategies Fund.txt'}
BALANCED FUND,Balanced Fund (Low Risk),"of portfolio holdings across quantitative investment managers may amplify losses. • Benchmark Correlation — The performance of the fund’s equity portion will be similar to the performance of the S&P 500 Index. If the S&P 500 goes down, it is likely that the fund’s performance will go down. • Market Risk — The value of the fund’s shares will go up and down based on the performance of the companies whose securities it owns and other factors generally affecting the securities market. • Interest Rate Risk — Investments in debt securities are sensitive to interest rate changes. Generally, the value of debt securities and the funds that hold them decline as interest rates rise. The fund’s fixed-income investments are designed to reduce this risk. Interest rate risk, however, is generally higher for the fixed-income portion of Balanced than for funds that have shorter-weighted maturities, such as money market funds and short-term bond funds. A period of rising interest rates may negatively",{'source': 'MutualFundSummary/BALANCED FUND.txt'}
BBH Core Select,Equity Long Only (Low Risk),"BBH Core Select

<head_breaker>

BBH CORE SELECT SUMMARY INVESTMENT OBJECTIVE The investment objective of BBH Core Select (the “Fund”) is to provide investors with long-term growth of capital. FEES AND EXPENSES OF THE FUND The table below describes the fees and expenses that you may pay if you buy and hold the Fund’s Class N and Retail Class shares.

Shareholder Fees (Fees paid directly from your investment)

Class N Retail Class Maximum Sales Charge (Load) Imposed on Purchases (as a percentage of offering price)

None

None Maximum Deferred Sales Charge (Load)

None

None Maximum Sales Charge (Load) Imposed on Reinvested Dividends

None

None Redemption Fee on shares held less than 30 days after purchase (as a percentage of amount redeemed, if applicable)

2.00%

2.00%

Exchange Fee

None

None

3

Annual Fund Operating Expenses (Expenses that you pay each year as a percentage of the value of your investment)

Class N

Retail Class

Management Fees

0.80%

0.80%

Distribution (12b",{'source': 'MutualFundSummary/BBH Core Select.txt'}
BBH Global Core Select,Equity Long Only (Low Risk),"BBH Global Core Select

<head_breaker>

BBH GLOBAL CORE SELECT SUMMARY INVESTMENT OBJECTIVE The investment objective of BBH Global Core Select (the “Fund”) is to provide investors with long-term growth of capital. FEES AND EXPENSES OF THE FUND The table below describes the fees and expenses that you may pay if you buy and hold the Fund’s Class N and Retail Class shares.

Shareholder Fees (Fees paid directly from your investment)

Class N Retail Class Maximum Sales Charge (Load) Imposed on Purchases (as a percentage of offering price)

None

None Maximum Deferred Sales Charge (Load)

None

None Maximum Sales Charge (Load) Imposed on Reinvested Dividends

None

None Redemption Fee on shares held less than 30 days after purchase (as a percentage of amount redeemed, if applicable)

2.00%

2.00%

Exchange Fee

None

None

3

Annual Fund Operating Expenses (Expenses that you pay each year as a percentage of the value of your investment)

Class N

Retail Class

Management Fees

0.95%

0.95%",{'source': 'MutualFundSummary/BBH Global Core Select.txt'}
BBH Intermediate Municipal Bond Fund,Fixed Income Long Only (Low Risk),"the strategy by investing primarily in a diversified portfolio of investment grade municipal bonds rated in the four highest credit ratings categories (AAA to BBB, or equivalent) at the time of purchase by at least one nationally recognized credit rating agency, or, if unrated, deemed to be of comparable quality by the investment adviser. Under normal circumstances, the Fund will invest at least 80% of its net assets, plus any borrowings for investment purposes, in municipal bonds that pay interest that is generally excludable from gross income for federal income tax purposes (except that the interest paid by certain municipal securities may be includable in taxable income for purposes of the federal alternative minimum tax). There can be no assurance that the Fund will achieve its investment objective. The Fund may invest in fixed-, variable- or floating-rate municipal securities issued by states, territories and possessions of the United States and the District of Columbia and their",{'source': 'MutualFundSummary/BBH Intermediate Municipal Bond Fund.txt'}
BBH Limited Duration Fund,Fixed Income Long Only (Low Risk),"BBH Limited Duration Fund

<head_breaker>

BBH LIMITED DURATION FUND SUMMARY INVESTMENT OBJECTIVE The investment objective of the BBH Limited Duration Fund (the “Fund”) is to provide maximum total return, consistent with preservation of capital and prudent investment management. FEES AND EXPENSES OF THE FUND The table below describes the fees and expenses that you may pay if you buy and hold the Fund’s Class N and Class I shares.

Shareholder Fees

(Fees paid directly from your investment) Class N Class I Maximum Sales Charge (Load) Imposed on Purchases (as a percentage of offering price) None	    	None Maximum Deferred Sales Charge (Load) None	    	None Maximum Sales Charge (Load) Imposed on Reinvested Dividends None	    	None Redemption Fee (as a percentage of amount redeemed, if applicable) None	    	None Exchange Fee None	    	None

3

Annual Fund Operating Expenses",{'source': 'MutualFundSummary/BBH Limited Duration Fund.txt'}
BBH Partner Fund - International Equity,Equity Long Only (Low Risk),"BBH Partner Fund

International Equity

<head_breaker>

BBH PARTNER FUND — INTERNATIONAL EQUITY SUMMARY INVESTMENT OBJECTIVE The investment objective of the BBH Partner Fund — International Equity (the “Fund”) is to provide investors with long-term maximization of total return, primarily through capital appreciation. FEES AND EXPENSES OF THE FUND The table below describes the fees and expenses that you may pay if you buy and hold the Fund’s Class I shares.

Shareholder Fees (Fees paid directly from your investment) Class I Maximum Sales Charge (Load) Imposed on Purchases (as a percentage of offering price) None Maximum Deferred Sales Charge (Load) None Maximum Sales Charge (Load) Imposed on Reinvested Dividends None Redemption Fee on shares held less than 30 days after purchase (as a percentage of amount redeemed, if applicable) 2.00% Exchange Fee None

3",{'source': 'MutualFundSummary/BBH Partner Fund - International Equity.txt'}
Blue Chip Income and Growth Fund,Balanced Fund (Low Risk),"Blue Chip Income and Growth Fund <head_breaker>

Blue Chip Income and Growth Fund

Investment objectives The fund’s investment objectives are to produce income exceeding the average yield on U.S. stocks generally and to provide an opportunity for growth of principal consistent with sound common stock investing.

Fees and expenses of the fund This table describes the fees and expenses that you may pay if you buy and hold an interest in Class 1 shares of the fund. It does not reflect insurance contract fees and expenses. If insurance contract fees and expenses were reflected, expenses shown would be higher.

Annual fund operating expenses (expenses that you pay each year as a percentage of the value of your investment)	Class 1 Management fee	0.39% Other expenses	0.02 Total annual fund operating expenses	0.41 Example This example is intended to help you compare the cost of investing in Class 1 shares of the fund with the cost of investing in other mutual funds.",{'source': 'MutualFundSummary/Blue Chip Income and Growth Fund.txt'}
Bond Fund,Balanced Fund (Low Risk),"American Funds Insurance Series / Prospectus     40

Principal risks

This section describes the principal risks associated with the fund’s principal investment strategies. You may lose money by investing in the fund. The likelihood of loss may be greater if you invest for a shorter period of time.

Market conditions — The prices of, and the income generated by, the bonds and other securities held by the fund may decline – sometimes rapidly or unpredictably – due to various factors, including events or conditions affecting the general economy or particular industries; overall market changes; local, regional or global political, social or economic instability; governmental or governmental agency responses to economic conditions; and currency exchange rate, interest rate and commodity price fluctuations.",{'source': 'MutualFundSummary/Bond Fund.txt'}
CALIFORNIA INTERMEDIATE-TERM TAX-FREE BOND FUND,Fixed Income Long Only (Low Risk),"2

Principal Investment Strategies

The portfolio managers primarily buy investment-grade debt securities and, under normal market conditions, will invest at least 80% of the fund’s net assets in debt securities that have interest payments exempt from federal and California income taxes. Cities, counties and other municipalities in California and U.S. territories, such as Puerto Rico, issue these securities.

The fund’s weighted average maturity will be not less than three years nor more than ten years. However, there is no maturity limit on individual securities.

Although the fund invests primarily in investment-grade securities, up to 20% of the value of the fund’s net assets may be invested in below investment-grade securities, also known as junk bonds. The fund also may invest in securities which, while not rated, are determined by the portfolio managers to be of comparable credit quality to those rated below investment-grade.",{'source': 'MutualFundSummary/CALIFORNIA INTERMEDIATE-TERM TAX-FREE BOND FUND.txt'}
CALIFORNIA HIGH-YIELD MUNICIPAL FUND,Fixed Income Long Only (Low Risk),"2

Principal Investment Strategies

The fund invests in California municipal and other debt securities with an emphasis on high-yield securities. A high-yield security is one that has been rated below investment-grade, or determined by the investment advisor to be of similar quality. Under normal market conditions, the portfolio managers invest at least 80% of the fund’s net assets in municipal securities with income payments exempt from federal and California income taxes. Cities, counties and other municipalities in California and U.S. territories usually issue these securities for public projects, such as schools, roads, and water and sewer systems. Some of these investments are not necessarily exempt from the federal alternative minimum tax.",{'source': 'MutualFundSummary/CALIFORNIA HIGH-YIELD MUNICIPAL FUND.txt'}
CALIFORNIA TAX-FREE MONEY MARKET FUND,Balanced Fund (Low Risk),"CALIFORNIA TAX

FREE MONEY MARKET FUND

<head_breaker>

Fund Summary Investment Objective The fund seeks safety of principal and high current income that is exempt from federal and California income taxes. Fees and Expenses The following table describes the fees and expenses you may pay if you buy and hold shares of the fund. Shareholder Fees (fees paid directly from your investment)

Investor Maximum Annual Account Maintenance Fee (waived if eligible investments total at least $10,000) $25 Annual Fund Operating Expenses (expenses that you pay each year as a percentage of the value of your investment)",{'source': 'MutualFundSummary/CALIFORNIA TAX-FREE MONEY MARKET FUND.txt'}
Capital Income Builder,Balanced Fund (Low Risk),"Capital Income Builder

<head_breaker>

Capital Income Builder

Investment objectives The fund has two primary investment objectives. It seeks (1) to provide a level of current income that exceeds the average yield on U.S. stocks generally and (2) to provide a growing stream of income over the years. The fund’s secondary objective is to provide growth of capital.

Fees and expenses of the fund This table describes the fees and expenses that you may pay if you buy and hold an interest in Class 1 shares of the fund. It does not reflect insurance contract fees and expenses. If insurance contract fees and expenses were reflected, expenses shown would be higher.",{'source': 'MutualFundSummary/Capital Income Builder.txt'}
Capital Growth Fund,Equity Long Only (Low Risk),"Capital Growth Fund

<head_breaker>",{'source': 'MutualFundSummary/Capital Growth Fund.txt'}
CAPITAL VALUE FUND,Equity Long Only (Low Risk),"CAPITAL VALUE FUND

<head_breaker>

Fund Summary Investment Objective The fund seeks long-term capital growth. Fees and Expenses The following table describes the fees and expenses you may pay if you buy and hold shares of the fund. You may qualify for sales charge discounts if you and your family invest, or agree to invest in the future, at least $50,000 in American Century Investments funds. More information about these and other discounts is available from your financial professional and in Calculation of Sales Charges on page 12 of the fund’s prospectus, Appendix A of the fund’s prospectus and Sales Charges in Appendix B of the statement of additional information. Shareholder Fees (fees paid directly from your investment)

Investor I1 A Maximum Sales Charge (Load) Imposed on Purchases (as a percentage of offering price)",{'source': 'MutualFundSummary/CAPITAL VALUE FUND.txt'}
ClearBridge Global Health Care Innovations Fund,Equity Long Only (Low Risk),"Principal investment strategies

Under normal circumstances, the fund invests at least 80% of its assets, plus borrowings for investment purposes, if any, in the securities of companies engaged in the development, production or distribution of products or services related to health care or in other instruments with similar economic characteristics. Companies engaged in the development, production or distribution of products or services related to health care include (1) pharmaceutical and biotechnology companies, (2) health care supply and services firms, (3) businesses that operate hospitals and health care facilities and (4) companies engaged in medical research, equipment, devices, technology, diagnostics and life sciences. The subadviser seeks to identify investments that, in its opinion, offer high growth potential or focus on innovation.",{'source': 'MutualFundSummary/ClearBridge Global Health Care Innovations Fund.txt'}
Columbia Commodity Strategy Fund,Balanced Fund (Low Risk),"Columbia Commodity Strategy Fund

<head_breaker>",{'source': 'MutualFundSummary/Columbia Commodity Strategy Fund.txt'}
Columbia Dividend Opportunity Fund,Balanced Fund (Low Risk),"Columbia Dividend Opportunity Fund

<head_breaker>",{'source': 'MutualFundSummary/Columbia Dividend Opportunity Fund.txt'}
Columbia High Yield Bond Fund,Fixed Income Long Only (Low Risk),Columbia High Yield Bond Fund <head_breaker>,{'source': 'MutualFundSummary/Columbia High Yield Bond Fund.txt'}
Columbia Flexible Capital Income Fund,Balanced Fund (Low Risk),Columbia Flexible Capital Income Fund <head_breaker>,{'source': 'MutualFundSummary/Columbia Flexible Capital Income Fund.txt'}
Columbia Large Cap Enhanced Core Fund,Equity Long Only (Low Risk),Columbia Large Cap Enhanced Core Fund <head_breaker>,{'source': 'MutualFundSummary/Columbia Large Cap Enhanced Core Fund.txt'}
Columbia Large Cap Growth Fund III,Balanced Fund (Low Risk),Columbia Large Cap Growth Fund III <head_breaker>,{'source': 'MutualFundSummary/Columbia Large Cap Growth Fund III.txt'}
Columbia Large Cap Index Fund,Equity Long Only (Low Risk),"Columbia Large Cap Index Fund <head_breaker>

SUMMARY OF THE FUND Investment Objective Columbia Large Cap Index Fund (the Fund) seeks total return before fees and expenses that corresponds to the total return of the Standard & Poor’s (S&P) 500® Index. Fees and Expenses of the Fund This table describes the fees and expenses that you may pay if you buy and hold shares of the Fund. An investor transacting in a class of Fund shares without any front-end sales charge, contingent deferred sales charge, or other asset-based fee for sales or distribution may be required to pay a commission to the financial intermediary for effecting such transactions. Such commission rates are set by the financial intermediary and are not reflected in the tables or the example below.",{'source': 'MutualFundSummary/Columbia Large Cap Index Fund.txt'}
Columbia Mid Cap Index Fund,Equity Long Only (Low Risk),"Columbia Mid Cap Index Fund <head_breaker>

SUMMARY OF THE FUND Investment Objective Columbia Mid Cap Index Fund (the Fund) seeks total return before fees and expenses that corresponds to the total return of the Standard & Poor’s (S&P) MidCap 400® Index. Fees and Expenses of the Fund This table describes the fees and expenses that you may pay if you buy and hold shares of the Fund. An investor transacting in a class of Fund shares without any front-end sales charge, contingent deferred sales charge, or other asset-based fee for sales or distribution may be required to pay a commission to the financial intermediary for effecting such transactions. Such commission rates are set by the financial intermediary and are not reflected in the tables or the example below.",{'source': 'MutualFundSummary/Columbia Mid Cap Index Fund.txt'}
Columbia Large Cap Value Fund,Balanced Fund (Low Risk),Columbia Large Cap Value Fund <head_breaker>,{'source': 'MutualFundSummary/Columbia Large Cap Value Fund.txt'}
Columbia Mid Cap Value Fund,Equity Long Only (Low Risk),Columbia Mid Cap Value Fund <head_breaker>,{'source': 'MutualFundSummary/Columbia Mid Cap Value Fund.txt'}
Columbia Mortgage Opportunities Fund,Fixed Income Long Only (Low Risk),"Columbia Mortgage Opportunities Fund

<head_breaker>",{'source': 'MutualFundSummary/Columbia Mortgage Opportunities Fund.txt'}
Columbia Overseas Value Fund,Equity Long Only (Low Risk),"PROSPECTUS 2018	9

Table of Contents COLUMBIA OVERSEAS VALUE FUND SUMMARY OF THE FUND (continued) Year by Year Total Return (%) as of December 31 Each Year*	Best and Worst Quarterly Returns During the Period Shown in the Bar Chart",{'source': 'MutualFundSummary/Columbia Overseas Value Fund.txt'}
Columbia Select Global Growth Fund,Equity Long Only (Low Risk),"Table of Contents COLUMBIA SELECT GLOBAL GROWTH FUND SUMMARY OF THE FUND (continued) consumer discretionary sector and the information technology and technology-related sectors. The Fund typically employs a focused portfolio investing style, which results in fewer holdings than a fund that seeks to achieve its investment objective by investing in a greater number of issuers. The core investments of the Fund (i.e., the primary investments held by the Fund over time) generally may include established companies and securities that are expected to offer long-term growth potential. However, the Fund's portfolio also may typically include securities of less mature companies and securities with more aggressive growth characteristics that may offer higher potential growth than the overall market. The Fund may invest in derivatives, such as forward contracts (including forward foreign currency contracts), for hedging or investment purposes. Principal Risks An investment in the Fund involves",{'source': 'MutualFundSummary/Columbia Select Global Growth Fund.txt'}
Columbia Select Large Cap Equity Fund,Equity Long Only (Low Risk),Columbia Select Large Cap Equity Fund <head_breaker>,{'source': 'MutualFundSummary/Columbia Select Large Cap Equity Fund.txt'}
Columbia Select International Equity Fund,Equity Long Only (Low Risk),Columbia Select International Equity Fund <head_breaker>,{'source': 'MutualFundSummary/Columbia Select International Equity Fund.txt'}
Columbia Seligman Communications and Information Fund,Equity Long Only (Low Risk),Columbia Seligman Communications and Information Fund <head_breaker>,{'source': 'MutualFundSummary/Columbia Seligman Communications and Information Fund.txt'}
Columbia Small Cap Index Fund,Equity Long Only (Low Risk),Columbia Small Cap Index Fund <head_breaker>,{'source': 'MutualFundSummary/Columbia Small Cap Index Fund.txt'}
Columbia Small Cap Value Fund II,Equity Long Only (Low Risk),Columbia Small Cap Value Fund II <head_breaker>,{'source': 'MutualFundSummary/Columbia Small Cap Value Fund II.txt'}
Columbia Small/Mid Cap Value Fund,Equity Long Only (Low Risk),Columbia Small/Mid Cap Value Fund <head_breaker>,{'source': 'MutualFundSummary/Columbia SmallMid Cap Value Fund.txt'}
Columbia Variable Portfolio - Balanced Fund,Balanced Fund (Low Risk),"Columbia Variable Portfolio

Balanced Fund

<head_breaker>

SUMMARY OF COLUMBIA VP – BALANCED FUND Investment Objective Columbia Variable Portfolio (VP) – Balanced Fund (the Fund) seeks maximum total investment return through a combination of capital growth and current income. Fees and Expenses of the Fund This table describes the fees and expenses that you may pay as an investor in the Fund. The table does not reflect any fees or expenses imposed by your Contract or Qualified Plan, which are disclosed in your separate Contract prospectus or Qualified Plan disclosure documents. If the additional fees or expenses were reflected, the expenses set forth below would be higher.",{'source': 'MutualFundSummary/Columbia Variable Portfolio - Balanced Fund.txt'}
Columbia Variable Portfolio - Disciplined Core Fund,Equity Long Only (Low Risk),"Columbia Variable Portfolio

Disciplined Core Fund

<head_breaker>

SUMMARY OF COLUMBIA VP – DISCIPLINED CORE FUND Investment Objective Columbia Variable Portfolio (VP) – Disciplined Core Fund (the Fund) seeks to provide shareholders with capital appreciation. Fees and Expenses of the Fund This table describes the fees and expenses that you may pay as an investor in the Fund. The table does not reflect any fees or expenses imposed by your Contract or Qualified Plan, which are disclosed in your separate Contract prospectus or Qualified Plan disclosure documents. If the additional fees or expenses were reflected, the expenses set forth below would be higher.",{'source': 'MutualFundSummary/Columbia Variable Portfolio - Disciplined Core Fund.txt'}
Columbia Variable Portfolio - Dividend Opportunity Fund,Balanced Fund (Low Risk),"Columbia Variable Portfolio

Dividend Opportunity Fund

<head_breaker>

SUMMARY OF COLUMBIA VP – DIVIDEND OPPORTUNITY FUND Investment Objective Columbia Variable Portfolio (VP) – Dividend Opportunity Fund (the Fund) seeks to provide shareholders with a high level of current income and, as a secondary objective, steady growth of capital. Fees and Expenses of the Fund This table describes the fees and expenses that you may pay as an investor in the Fund. The table does not reflect any fees or expenses imposed by your Contract or Qualified Plan, which are disclosed in your separate Contract prospectus or Qualified Plan disclosure documents. If the additional fees or expenses were reflected, the expenses set forth below would be higher.",{'source': 'MutualFundSummary/Columbia Variable Portfolio - Dividend Opportunity Fund.txt'}
Columbia Variable Portfolio - Emerging Markets Fund,Equity Long Only (Low Risk),"Columbia Variable Portfolio

Emerging Markets Fund

<head_breaker>

SUMMARY OF COLUMBIA VP – EMERGING MARKETS FUND Investment Objective Columbia Variable Portfolio (VP) – Emerging Markets Fund (the Fund) seeks to provide shareholders with long-term capital growth. Fees and Expenses of the Fund This table describes the fees and expenses that you may pay as an investor in the Fund. The table does not reflect any fees or expenses imposed by your Contract or Qualified Plan, which are disclosed in your separate Contract prospectus or Qualified Plan disclosure documents. If the additional fees or expenses were reflected, the expenses set forth below would be higher.",{'source': 'MutualFundSummary/Columbia Variable Portfolio - Emerging Markets Fund.txt'}
Columbia Variable Portfolio - Global Bond Fund,Fixed Income Long Only (Low Risk),"Columbia Variable Portfolio

Global Bond Fund

<head_breaker>

SUMMARY OF COLUMBIA VP – GLOBAL BOND FUND Investment Objective Columbia Variable Portfolio (VP) – Global Bond Fund (the Fund) seeks to provide shareholders with high total return through income and growth of capital. Fees and Expenses of the Fund This table describes the fees and expenses that you may pay as an investor in the Fund. The table does not reflect any fees or expenses imposed by your Contract or Qualified Plan, which are disclosed in your separate Contract prospectus or Qualified Plan disclosure documents. If the additional fees or expenses were reflected, the expenses set forth below would be higher.",{'source': 'MutualFundSummary/Columbia Variable Portfolio - Global Bond Fund.txt'}
Columbia Variable Portfolio - Government Money Market Fund,Balanced Fund (Low Risk),"Columbia Variable Portfolio

Government Money Market Fund

<head_breaker>

SUMMARY OF COLUMBIA VP – GOVERNMENT MONEY MARKET FUND Investment Objective Columbia Variable Portfolio (VP) – Government Money Market Fund (the Fund) seeks to provide shareholders with maximum current income consistent with liquidity and stability of principal. Fees and Expenses of the Fund This table describes the fees and expenses that you may pay as an investor in the Fund. The table does not reflect any fees or expenses imposed by your Contract or Qualified Plan, which are disclosed in your separate Contract prospectus or Qualified Plan disclosure documents. If the additional fees or expenses were reflected, the expenses set forth below would be higher.",{'source': 'MutualFundSummary/Columbia Variable Portfolio - Government Money Market Fund.txt'}
Columbia Variable Portfolio - High Yield Bond Fund,Fixed Income Long Only (Low Risk),"Columbia Variable Portfolio

High Yield Bond Fund

<head_breaker>

SUMMARY OF COLUMBIA VP – HIGH YIELD BOND FUND Investment Objective Columbia Variable Portfolio (VP) – High Yield Bond Fund (the Fund) seeks to provide shareholders with high current income as its primary objective and, as its secondary objective, capital growth. Fees and Expenses of the Fund This table describes the fees and expenses that you may pay as an investor in the Fund. The table does not reflect any fees or expenses imposed by your Contract or Qualified Plan, which are disclosed in your separate Contract prospectus or Qualified Plan disclosure documents. If the additional fees or expenses were reflected, the expenses set forth below would be higher.",{'source': 'MutualFundSummary/Columbia Variable Portfolio - High Yield Bond Fund.txt'}
Columbia Variable Portfolio - Income Opportunities Fund,Balanced Fund (Low Risk),"Columbia Variable Portfolio

Income Opportunities Fund

<head_breaker>

SUMMARY OF COLUMBIA VP – INCOME OPPORTUNITIES FUND Investment Objective Columbia Variable Portfolio (VP) – Income Opportunities Fund (the Fund) seeks to provide shareholders with a high total return through current income and capital appreciation. Fees and Expenses of the Fund This table describes the fees and expenses that you may pay as an investor in the Fund. The table does not reflect any fees or expenses imposed by your Contract or Qualified Plan, which are disclosed in your separate Contract prospectus or Qualified Plan disclosure documents. If the additional fees or expenses were reflected, the expenses set forth below would be higher.",{'source': 'MutualFundSummary/Columbia Variable Portfolio - Income Opportunities Fund.txt'}
Columbia Variable Portfolio - Intermediate Bond Fund,Fixed Income Long Only (Low Risk),"Columbia Variable Portfolio

Intermediate Bond Fund

<head_breaker>

SUMMARY OF COLUMBIA VP – INTERMEDIATE BOND FUND Investment Objective Columbia Variable Portfolio (VP) – Intermediate Bond Fund (the Fund) seeks to provide shareholders with a high level of current income while attempting to conserve the value of the investment for the longest period of time. Fees and Expenses of the Fund This table describes the fees and expenses that you may pay as an investor in the Fund. The table does not reflect any fees or expenses imposed by your Contract or Qualified Plan, which are disclosed in your separate Contract prospectus or Qualified Plan disclosure documents. If the additional fees or expenses were reflected, the expenses set forth below would be higher.",{'source': 'MutualFundSummary/Columbia Variable Portfolio - Intermediate Bond Fund.txt'}
Columbia Variable Portfolio - Large Cap Growth Fund,Equity Long Only (Low Risk),"Columbia Variable Portfolio

Large Cap Growth Fund

<head_breaker>

SUMMARY OF COLUMBIA VP – LARGE CAP GROWTH FUND Investment Objective Columbia Variable Portfolio (VP) – Large Cap Growth Fund (the Fund) seeks to provide shareholders with long-term capital growth. Fees and Expenses of the Fund This table describes the fees and expenses that you may pay as an investor in the Fund. The table does not reflect any fees or expenses imposed by your Contract or Qualified Plan, which are disclosed in your separate Contract prospectus or Qualified Plan disclosure documents. If the additional fees or expenses were reflected, the expenses set forth below would be higher.",{'source': 'MutualFundSummary/Columbia Variable Portfolio - Large Cap Growth Fund.txt'}
Columbia Variable Portfolio - Large Cap Index Fund,Equity Long Only (Low Risk),"Columbia Variable Portfolio

Large Cap Index Fund

<head_breaker>

SUMMARY OF COLUMBIA VP – LARGE CAP INDEX FUND Investment Objective Columbia Variable Portfolio (VP) – Large Cap Index Fund (the Fund) seeks to provide shareholders with long-term capital appreciation. Fees and Expenses of the Fund This table describes the fees and expenses that you may pay as an investor in the Fund. The table does not reflect any fees or expenses imposed by your Contract or Qualified Plan, which are disclosed in your separate Contract prospectus or Qualified Plan disclosure documents. If the additional fees or expenses were reflected, the expenses set forth below would be higher.",{'source': 'MutualFundSummary/Columbia Variable Portfolio - Large Cap Index Fund.txt'}
Columbia Variable Portfolio - Mid Cap Growth Fund,Equity Long Only (Low Risk),"Columbia Variable Portfolio

Mid Cap Growth Fund

<head_breaker>

SUMMARY OF COLUMBIA VP – MID CAP GROWTH FUND Investment Objective Columbia Variable Portfolio (VP) – Mid Cap Growth Fund (the Fund) seeks to provide shareholders with growth of capital. Fees and Expenses of the Fund This table describes the fees and expenses that you may pay as an investor in the Fund. The table does not reflect any fees or expenses imposed by your Contract or Qualified Plan, which are disclosed in your separate Contract prospectus or Qualified Plan disclosure documents. If the additional fees or expenses were reflected, the expenses set forth below would be higher.",{'source': 'MutualFundSummary/Columbia Variable Portfolio - Mid Cap Growth Fund.txt'}
Columbia Variable Portfolio - Mid Cap Value Fund,Equity Long Only (Low Risk),"Columbia Variable Portfolio

Mid Cap Value Fund

<head_breaker>

SUMMARY OF COLUMBIA VP – MID CAP VALUE FUND Investment Objective Columbia Variable Portfolio (VP) – Mid Cap Value Fund (the Fund) seeks to provide shareholders with long-term growth of capital. Fees and Expenses of the Fund This table describes the fees and expenses that you may pay as an investor in the Fund. The table does not reflect any fees or expenses imposed by your Contract or Qualified Plan, which are disclosed in your separate Contract prospectus or Qualified Plan disclosure documents. If the additional fees or expenses were reflected, the expenses set forth below would be higher.",{'source': 'MutualFundSummary/Columbia Variable Portfolio - Mid Cap Value Fund.txt'}
Columbia Variable Portfolio - Select Smaller-Cap Value Fund,Equity Long Only (Low Risk),"Columbia Variable Portfolio

Select Smaller

Cap Value Fund

<head_breaker>

SUMMARY OF COLUMBIA VP – SELECT SMALLER-CAP VALUE FUND Investment Objective Columbia Variable Portfolio (VP) – Select Smaller-Cap Value Fund (the Fund) seeks to provide shareholders with long-term capital growth. Fees and Expenses of the Fund This table describes the fees and expenses that you may pay as an investor in the Fund. The table does not reflect any fees or expenses imposed by your Contract or Qualified Plan, which are disclosed in your separate Contract prospectus or Qualified Plan disclosure documents. If the additional fees or expenses were reflected, the expenses set forth below would be higher.",{'source': 'MutualFundSummary/Columbia Variable Portfolio - Select Smaller-Cap Value Fund.txt'}
Columbia Variable Portfolio - Select Large-Cap Value Fund,Equity Long Only (Low Risk),"Columbia Variable Portfolio

Select Large

Cap Value Fund

<head_breaker>

SUMMARY OF COLUMBIA VP – SELECT LARGE-CAP VALUE FUND Investment Objective Columbia Variable Portfolio (VP) – Select Large-Cap Value Fund (the Fund) seeks to provide shareholders with long-term growth of capital. Fees and Expenses of the Fund This table describes the fees and expenses that you may pay as an investor in the Fund. The table does not reflect any fees or expenses imposed by your Contract or Qualified Plan, which are disclosed in your separate Contract prospectus or Qualified Plan disclosure documents. If the additional fees or expenses were reflected, the expenses set forth below would be higher.",{'source': 'MutualFundSummary/Columbia Variable Portfolio - Select Large-Cap Value Fund.txt'}
Columbia Variable Portfolio - U.S. Government Mortgage Fund,Fixed Income Long Only (Low Risk),"Columbia Variable Portfolio

U.S. Government Mortgage Fund

<head_breaker>

SUMMARY OF COLUMBIA VP – U.S. GOVERNMENT MORTGAGE FUND Investment Objective Columbia Variable Portfolio (VP) – U.S. Government Mortgage Fund (the Fund) seeks to provide shareholders with current income as its primary objective and, as its secondary objective, preservation of capital. Fees and Expenses of the Fund This table describes the fees and expenses that you may pay as an investor in the Fund. The table does not reflect any fees or expenses imposed by your Contract or Qualified Plan, which are disclosed in your separate Contract prospectus or Qualified Plan disclosure documents. If the additional fees or expenses were reflected, the expenses set forth below would be higher.",{'source': 'MutualFundSummary/Columbia Variable Portfolio - U.S. Government Mortgage Fund.txt'}
CORE EQUITY PLUS FUND,Equity Long Only (Low Risk),"Principal Investment Strategies

The managers use quantitative models to construct the portfolio of equity securities for the fund. Under normal market conditions, they will invest at least 80% of the fund’s net assets in equity securities. The fund invests approximately 130% of its assets in long positions, while 30% of its assets are sold short. A long position arises when the fund buys a security outright. A short position arises when the fund sells a security it does not own but has borrowed in anticipation that the market price of the security will decline. If the market price in fact declines, the fund can replace the borrowed security at a lower price and capture the value represented by the difference between the higher sale price and the lower replacement price. The proceeds from the securities sold short are used to purchase an additional 30% of long positions. The net investment exposure for the fund is a 100% long market exposure.",{'source': 'MutualFundSummary/CORE EQUITY PLUS FUND.txt'}
CORE PLUS FUND,Fixed Income Long Only (Low Risk),"Principal Investment Strategies

The fund invests at least 65% of its assets in investment-grade, non-money market debt securities. An investment-grade security is one that has been rated by a nationally recognized statistical rating organization in its top four credit quality categories or determined by the advisor to be of comparable credit quality. Debt securities include fixed-income investments such as notes, bonds, commercial paper and U.S. Treasury securities. These securities, which may be payable in U.S. or foreign currencies, may include corporate bonds and notes, government securities and securities backed by mortgages or other assets.",{'source': 'MutualFundSummary/CORE PLUS FUND.txt'}
Cornerstone Moderately Aggressive Fund,Balanced Fund (Low Risk),"Cornerstone Moderately Aggressive Fund

<head_breaker>",{'source': 'MutualFundSummary/Cornerstone Moderately Aggressive Fund.txt'}
Corporate Bond Fund,Fixed Income Long Only (Low Risk),"The fund relies on the professional judgment of its investment adviser to make decisions about the fund’s portfolio investments. The basic investment philosophy of the investment adviser is to seek to invest in attractively priced securities that, in its opinion, represent good, long-term investment opportunities. The investment adviser believes that an important way to accomplish this is through fundamental research, which may include analysis of credit quality, general economic conditions and various quantitative measures and, in the case of corporate obligations, meeting with company executives and employees, suppliers, customers and competitors. Securities may be sold when the investment adviser believes that they no longer represent relatively attractive investment opportunities.

1     American Funds Insurance Series - Corporate Bond Fund / Prospectus

Principal risks",{'source': 'MutualFundSummary/Corporate Bond Fund.txt'}
Cornerstone Moderately Conservative Fund,Balanced Fund (Low Risk),"Cornerstone Moderately Conservative Fund

<head_breaker>",{'source': 'MutualFundSummary/Cornerstone Moderately Conservative Fund.txt'}
DELAWARE EMERGING MARKETS FUND,Equity Long Only (Low Risk),"DELAWARE EMERGING MARKETS FUND

<head_breaker>

Delaware Emerging Markets Fund

What is the Fund’s investment objective?

Delaware Emerging Markets Fund seeks long-term capital appreciation.

What are the Fund’s fees and expenses?

The table below describes the fees and expenses that you may pay if you buy and hold shares of the Fund. You may qualify for sales-charge discounts if you and your family invest, or agree to invest in the future, at least $50,000 in Delaware FundsSM by Macquarie. More information about these and other discounts is available from your financial intermediary, in the Fund’s Prospectus under the section entitled “About your account,” and in the Fund’s statement of additional information (SAI) under the section entitled “Purchasing Shares.”

Shareholder fees (fees paid directly from your investment)

Class

A

C

R

Inst.

R6

Maximum sales charge (load) imposed on purchases as a percentage of offering price

5.75%

none

none

none

none",{'source': 'MutualFundSummary/DELAWARE EMERGING MARKETS FUND.txt'}
DELAWARE GLOBAL VALUE FUND,Equity Long Only (Low Risk),"DELAWARE GLOBAL VALUE FUND

<head_breaker>

Delaware Global Value Fund

What is the Fund’s investment objective?

Delaware Global Value Fund seeks long-term capital appreciation.

What are the Fund’s fees and expenses?

The table below describes the fees and expenses that you may pay if you buy and hold shares of the Fund. You may qualify for sales-charge discounts if you and your family invest, or agree to invest in the future, at least $50,000 in Delaware FundsSM by Macquarie. More information about these and other discounts is available from your financial intermediary, in the Fund’s Prospectus under the section entitled “About your account,” and in the Fund’s statement of additional information (SAI) under the section entitled “Purchasing Shares.”

Shareholder fees (fees paid directly from your investment)

Class

A

C

R

Inst.

Maximum sales charge (load) imposed on purchases as a percentage of offering price

5.75%

none

none

none",{'source': 'MutualFundSummary/DELAWARE GLOBAL VALUE FUND.txt'}
Delaware International Small Cap Fund,Equity Long Only (Low Risk),"Delaware International Small Cap Fund <head_breaker>

Delaware International Small Cap Fund

What is the Fund’s investment objective?

Delaware International Small Cap Fund seeks long-term capital appreciation.

What are the Fund’s fees and expenses?

The table below describes the fees and expenses that you may pay if you buy and hold shares of the Fund. You may qualify for sales-charge discounts if you and your family invest, or agree to invest in the future, at least $50,000 in Delaware FundsSM by Macquarie. More information about these and other discounts is available from your financial intermediary, in the Fund’s Prospectus under the section entitled “About your account,” and in the Fund’s statement of additional information (SAI) under the section entitled “Purchasing Shares.”

Shareholder fees (fees paid directly from your investment)

Class

A

C

R

Inst.

R6

Maximum sales charge (load) imposed on purchases as a percentage of offering price

5.75%

none

none

none

none",{'source': 'MutualFundSummary/Delaware International Small Cap Fund.txt'}
DELAWARE INTERNATIONAL VALUE EQUITY FUND,Equity Long Only (Low Risk),"DELAWARE INTERNATIONAL VALUE EQUITY FUND <head_breaker>

Delaware International Value Equity Fund

What is the Fund’s investment objective?

Delaware International Value Equity Fund seeks long-term growth without undue risk to principal.

What are the Fund’s fees and expenses?

The table below describes the fees and expenses that you may pay if you buy and hold shares of the Fund. You may qualify for sales-charge discounts if you and your family invest, or agree to invest in the future, at least $50,000 in Delaware FundsSM by Macquarie. More information about these and other discounts is available from your financial intermediary, in the Fund’s Prospectus under the section entitled “About your account,” and in the Fund’s statement of additional information (SAI) under the section entitled “Purchasing Shares.”

Shareholder fees (fees paid directly from your investment)

Class

A

C

R

Inst.

R6

Maximum sales charge (load) imposed on purchases as a percentage of offering price

5.75%",{'source': 'MutualFundSummary/DELAWARE INTERNATIONAL VALUE EQUITY FUND.txt'}
DISCIPLINED GROWTH FUND,Equity Long Only (Low Risk),"2

Principal Investment Strategies

In selecting stocks for the fund, the portfolio managers initially identify an eligible universe of growth stocks then use quantitative management techniques in a two-step process. First, the managers rank stocks, primarily large capitalization, publicly traded U.S. companies with a market capitalization greater than $2 billion, from most attractive to least attractive based on an objective set of measures, including valuation, quality, growth, and sentiment. Second, the portfolio managers use a quantitative model to build a portfolio of stocks from the ranking described above that they believe will provide the optimal balance between risk and expected return.

The portfolio managers generally sell a stock when they believe it has become less attractive relative to other opportunities, its risk characteristics outweigh its return opportunity or specific events alter its prospects.",{'source': 'MutualFundSummary/DISCIPLINED GROWTH FUND.txt'}
DIVERSIFIED BOND FUND,Fixed Income Long Only (Low Risk),"Principal Investment Strategies

Under normal market conditions, the fund invests at least 80% of its net assets in high- and medium-grade, non-money market debt securities. These securities, which may be payable in U.S. or foreign currencies, may include corporate bonds and notes, government securities and securities backed by mortgages or other assets. Shorter-term debt securities round out the portfolio.

The fund invests most of its assets in investment-grade securities. An investment-grade security is one that has been rated by an independent rating agency in its top four credit quality categories or determined by the advisor to be of comparable credit quality. However, up to 15% of the fund’s assets may be invested in debt securities rated in the fifth-highest category by an independent rating agency, or determined to be of comparable quality by the advisor. The weighted average maturity of the fund’s portfolio must be three and one-half years or longer.",{'source': 'MutualFundSummary/DIVERSIFIED BOND FUND.txt'}
Dreyfus Alternative Diversifier Strategies Fund,Balanced Fund (Low Risk),"Principal Investment Strategy To pursue its goal, the fund normally allocates its assets across non-traditional or ""alternative"" asset classes and investment strategies. The fund is designed to complement and diversify traditional stock and bond portfolios. The fund normally allocates its assets among other investment companies (the underlying funds) that employ alternative investment strategies. Underlying funds may include other funds in the Dreyfus Family of Funds and unaffiliated open-end funds, closed-end funds and exchange-traded funds (ETFs). The fund generally will allocate its assets to other funds managed by The Dreyfus Corporation (Dreyfus), and will allocate its assets to unaffiliated funds generally when the desired economic exposure to a particular alternative investment strategy is not available through a fund managed by Dreyfus, the fund's investment adviser, or its affiliates or for diversification purposes.",{'source': 'MutualFundSummary/Dreyfus Alternative Diversifier Strategies Fund.txt'}
Dreyfus Global Equity Income Fund,Equity Long Only (Low Risk),"Dreyfus Global Equity Income Fund <head_breaker>

Fund Summary

Investment Objective The fund seeks total return (consisting of capital appreciation and income).

Fees and Expenses This table describes the fees and expenses that you may pay if you buy and hold shares of the fund. You may qualify for sales charge discounts if you and your family invest, or agree to invest in the future, at least $50,000 in the fund or shares of other funds in the Dreyfus Family of Funds that are subject to a sales charge. More information about sales charges, including these and other discounts and waivers, is available from your financial professional and in the Shareholder Guide section beginning on page 11 of the prospectus and in the How to Buy Shares section and the Additional Information About How to Buy Shares section beginning on page II-1 and page III-1, respectively, of the fund's Statement of Additional Information.

Shareholder Fees (fees paid directly from your investment)

Class A

Class C",{'source': 'MutualFundSummary/Dreyfus Global Equity Income Fund.txt'}
Dreyfus International Bond Fund,Fixed Income Long Only (Low Risk),"Principal Investment Strategy To pursue its goal, the fund normally invests at least 80% of its net assets, plus any borrowings for investment purposes, in fixed-income securities. The fund also normally invests at least 65% of its assets in non-U.S. dollar denominated fixed-income securities of foreign governments and companies located in various countries, including emerging markets. The fund invests principally in bonds, but its fixed-income investments also may include notes (including structured notes), mortgage-related securities, asset-backed securities, convertible securities, floating rate loans (limited to up to 20% of the fund's net assets) and other floating rate securities, eurodollar and Yankee dollar instruments, preferred stocks and money market instruments. The fund may invest up to 25% of its assets in emerging markets generally and up to 5% of its assets in any single emerging market country.",{'source': 'MutualFundSummary/Dreyfus International Bond Fund.txt'}
Dreyfus Global Emerging Markets Fund,Equity Long Only (Low Risk),"Principal Investment Strategy To pursue its goal, the fund normally invests at least 80% of its net assets, plus any borrowings for investment purposes, in common stocks and other equity securities (or derivative or other strategic instruments with similar economic characteristics) of companies organized or with their principal place of business, or majority of assets or business, in emerging market countries. The fund considers emerging market countries to be all countries represented in the Morgan Stanley Capital International Emerging Markets Index (MSCI® EM Index), the fund's benchmark index. The MSCI® EM Index is a free float-adjusted, market-capitalization-weighted index designed to measure the equity performance of emerging market countries in Africa, Asia, Europe, Latin America, and the Middle East. The fund also may invest in companies organized or with their principal place of business, or majority of assets or business, in developed markets and pre-emerging markets, also",{'source': 'MutualFundSummary/Dreyfus Global Emerging Markets Fund.txt'}
Dreyfus Select Managers Long/Short Fund,Equity Long Only (Low Risk),"Dreyfus Select Managers Long/Short Fund <head_breaker>

Fund Summary

Investment Objective

The fund seeks long

term capital appreciation.

Fees and Expenses This table describes the fees and expenses that you may pay if you buy and hold shares of the fund. You may qualify for sales charge discounts if you and your family invest, or agree to invest in the future, at least $50,000 in the fund or shares of other funds in the Dreyfus Family of Funds that are subject to a sales charge. More information about sales charges, including these and other discounts and waivers, is available from your financial professional and in the Shareholder Guide section beginning on page 16 of the prospectus and in the How to Buy Shares section and the Additional Information About How to Buy Shares section beginning on page II-1 and page III-1, respectively, of the fund's Statement of Additional Information.

Shareholder Fees (fees paid directly from your investment)

Class A

Class C

Class I

Class Y",{'source': 'MutualFundSummary/Dreyfus Select Managers LongShort Fund.txt'}
Dreyfus Yield Enhancement Strategy Fund,Fixed Income Long Only (Low Risk),"Principal Investment Strategy To pursue its goal, the fund normally allocates its assets across fixed-income investment strategies. The fund is designed to complement and diversify traditional bond portfolios. The fund normally allocates its assets among other investment companies (the underlying funds) that employ various fixed-income investment strategies, including those focusing on domestic and foreign corporate bonds, high yield securities (""junk"" bonds), senior loans, emerging markets debt, municipal securities and Treasury and other inflation-protected securities (TIPS). Underlying funds may include other funds in the Dreyfus Family of Funds and unaffiliated open-end funds, closed-end funds and exchange-traded funds (ETFs). The fund generally will allocate its assets to other funds managed by The Dreyfus Corporation (Dreyfus), and will allocate its assets to unaffiliated funds generally when the desired economic exposure to a particular fixed-income investment strategy is not",{'source': 'MutualFundSummary/Dreyfus Yield Enhancement Strategy Fund.txt'}
Eaton Vance Arizona Municipal Income Fund,Fixed Income Long Only (Low Risk),"Eaton Vance Arizona Municipal Income Fund <head_breaker>

Arizona Municipal Income Fund

Investment Objective

The Fund’s investment objective is to provide current income exempt from regular federal income tax and Arizona state personal income tax.

Fees and Expenses of the Fund",{'source': 'MutualFundSummary/Eaton Vance Arizona Municipal Income Fund.txt'}
Eaton Vance Connecticut Municipal Income Fund,Fixed Income Long Only (Low Risk),"Eaton Vance Connecticut Municipal Income Fund <head_breaker>

Connecticut Municipal Income Fund

Investment Objective

The Fund’s investment objective is to provide current income exempt from regular federal income tax and Connecticut state personal income tax.

Fees and Expenses of the Fund",{'source': 'MutualFundSummary/Eaton Vance Connecticut Municipal Income Fund.txt'}
Eaton Vance Dividend Builder Fund,Equity Long Only (Low Risk),"Eaton Vance Dividend Builder Fund <head_breaker>

Fund Summaries

Eaton Vance Dividend Builder Fund

Investment Objective

The Fund’s investment objective is to seek total return.

Fees and Expenses of the Fund",{'source': 'MutualFundSummary/Eaton Vance Dividend Builder Fund.txt'}
Eaton Vance Global Small-Cap Fund,Equity Long Only (Low Risk),"Eaton Vance Global Small

Cap Fund

<head_breaker>

Eaton Vance Global Small

Cap Fund

In connection with the proposed reorganization of Eaton Vance Global Small-Cap Fund into Eaton Vance Global Small-Cap Equity Fund (formerly Eaton Vance Tax-Managed Global Small-Cap Fund), it is anticipated that on or about May 9, 2018, shares of Eaton Vance Global Small-Cap Fund will no longer be available for purchase or exchange.

Investment Objective

The Fund’s investment objective is to seek long-term total return.

Fees and Expenses of the Fund",{'source': 'MutualFundSummary/Eaton Vance Global Small-Cap Fund.txt'}
Eaton Vance Growth Fund,Equity Long Only (Low Risk),"Eaton Vance Growth Fund

<head_breaker>

Eaton Vance Growth Fund

Investment Objective

The Fund’s investment objective is to seek total return.

Fees and Expenses of the Fund",{'source': 'MutualFundSummary/Eaton Vance Growth Fund.txt'}
Eaton Vance Municipal Opportunities Fund,Fixed Income Long Only (Low Risk),"Eaton Vance Municipal Income Funds	21	Prospectus dated December 1, 2017

The Fund may purchase derivative instruments, which derive their value from another instrument, security or index. The Fund may purchase or sell various kinds of residual interest bonds, financial futures contracts and options thereon to hedge against changes in interest rates or as a substitute for the purchase of portfolio securities. The Fund also may enter into interest rate swaps, forward rate contracts and credit derivatives, which may include credit default swaps, total return swaps or credit options, as well as purchase an instrument that has greater or lesser credit risk than the municipal bonds underlying the instrument. There is no stated limit on the Fund’s use of derivatives.",{'source': 'MutualFundSummary/Eaton Vance Municipal Opportunities Fund.txt'}
Eaton Vance Minnesota Municipal Income Fund,Fixed Income Long Only (Low Risk),"Principal Investment Strategies

Under normal market circumstances, the Fund invests at least 80% of its net assets (plus any borrowings for investment purposes) in municipal obligations that are exempt from regular federal income tax and the state taxes specified in the Fund’s investment objective (the “80% Policy”). The Fund may invest without limit in obligations the income from which is subject to the federal alternative minimum tax. At least 75% of net assets normally will be invested in municipal obligations rated at least investment grade at the time of investment (which are those rated Baa or higher by Moody’s Investors Service, Inc. (“Moody’s”), or BBB or higher by either Standard & Poor’s Ratings Services (“S&P”) or Fitch Ratings (“Fitch”)) or, if unrated, determined by the investment adviser to be of at least investment grade quality. The

Eaton Vance Municipal Income Funds	15	Prospectus dated December 1, 2017",{'source': 'MutualFundSummary/Eaton Vance Minnesota Municipal Income Fund.txt'}
Eaton Vance Large-Cap Value Fund,Equity Long Only (Low Risk),"Eaton Vance Large

Cap Value Fund

<head_breaker>

Eaton Vance Large

Cap Value Fund

Investment Objective

The Fund’s investment objective is to seek total return.

Fees and Expenses of the Fund",{'source': 'MutualFundSummary/Eaton Vance Large-Cap Value Fund.txt'}
Eaton Vance New Jersey Municipal Income Fund,Fixed Income Long Only (Low Risk),"Principal Investment Strategies

Under normal market circumstances, the Fund invests at least 80% of its net assets (plus any borrowings for investment purposes) in municipal obligations that are exempt from regular federal income tax and the state taxes specified in the Fund’s investment objective (the “80% Policy”). The Fund may invest without limit in obligations the income from which is subject to the federal alternative minimum tax. At least 75% of net assets normally will be invested in municipal obligations rated at least investment grade at the time of investment (which are those rated Baa or higher by Moody’s Investors Service, Inc. (“Moody’s”), or BBB or higher by either Standard & Poor’s Ratings Services (“S&P”) or Fitch

Eaton Vance Municipal Income Funds	26	Prospectus dated December 1, 2017",{'source': 'MutualFundSummary/Eaton Vance New Jersey Municipal Income Fund.txt'}
Eaton Vance Pennsylvania Municipal Income Fund,Fixed Income Long Only (Low Risk),"Eaton Vance Pennsylvania Municipal Income Fund <head_breaker>

Pennsylvania Municipal Income Fund

Investment Objective

The Fund’s investment objective is to provide current income exempt from regular federal income tax and Pennsylvania state and local taxes in the form of an investment exempt from Pennsylvania personal property taxes.

Fees and Expenses of the Fund",{'source': 'MutualFundSummary/Eaton Vance Pennsylvania Municipal Income Fund.txt'}
Eaton Vance Real Estate Fund,Equity Long Only (Low Risk),"Principal Investment Strategies

The Fund seeks total return through a combination of capital appreciation and current income. Under normal market conditions, the Fund invests at least 80% of its net assets (plus any borrowings for investment purposes) in equity securities of companies primarily engaged in the real estate industry (the “80% Policy”). Although it invests primarily in domestic securities, the Fund may invest up to 20% of its net assets in foreign securities. As an alternative to holding foreign stocks directly, the Fund may invest in U.S. dollar-denominated securities of foreign companies that trade on U.S. exchanges, or in the over-the-counter market (including depositary receipts which evidence ownership in underlying foreign stocks). The Fund may invest in exchange-traded funds (“ETFs”), a type of pooled investment vehicle, in order to

Eaton Vance Domestic Equity Funds	21	Prospectus dated May 1, 2018",{'source': 'MutualFundSummary/Eaton Vance Real Estate Fund.txt'}
Eaton Vance Small-Cap Fund,Equity Long Only (Low Risk),"Eaton Vance Small

Cap Fund

<head_breaker>

Eaton Vance Small

Cap Fund

Investment Objective

The Fund’s investment objective is to seek long-term capital appreciation.

Fees and Expenses of the Fund",{'source': 'MutualFundSummary/Eaton Vance Small-Cap Fund.txt'}
Eaton Vance Special Equities Fund,Equity Long Only (Low Risk),"Principal Investment Strategies

Under normal market conditions, the Fund invests at least 80% of its net assets (plus any borrowings for investment purposes) in equity securities (the “80% Policy”). The Fund invests primarily in common stocks of companies with market capitalizations comparable to those of companies included in the Russell 2500™ Index, but the Fund may also invest in

Eaton Vance Domestic Equity Funds	29	Prospectus dated May 1, 2018",{'source': 'MutualFundSummary/Eaton Vance Special Equities Fund.txt'}
Eaton Vance TABS 1-to-10 Year Laddered Municipal Bond Fund,Fixed Income Long Only (Low Risk),"Eaton Vance TABS 1-to-10 Year Laddered Municipal Bond Fund <head_breaker>

Eaton Vance TABS 1-to-10 Year Laddered Municipal Bond Fund

Investment Objective

The Fund’s investment objective is to provide current income exempt from regular federal income tax.

Fees and Expenses of the Fund",{'source': 'MutualFundSummary/Eaton Vance TABS 1-to-10 Year Laddered Municipal Bond Fund.txt'}
Eaton Vance TABS 10-to-20 Year Laddered Municipal Bond Fund,Fixed Income Long Only (Low Risk),"Eaton Vance TABS 10-to-20 Year Laddered Municipal Bond Fund <head_breaker>

Eaton Vance TABS 10-to-20 Year Laddered Municipal Bond Fund

Investment Objective

The Fund’s investment objective is to provide current income exempt from regular federal income tax.

Fees and Expenses of the Fund",{'source': 'MutualFundSummary/Eaton Vance TABS 10-to-20 Year Laddered Municipal Bond Fund.txt'}
Eaton Vance TABS 5-to-15 Year Laddered Municipal Bond Fund,Fixed Income Long Only (Low Risk),"Eaton Vance TABS 5-to-15 Year Laddered Municipal Bond Fund <head_breaker>

Investment Objective

The Fund’s investment objective is to seek current income exempt from regular federal income tax.

Fees and Expenses of the Fund",{'source': 'MutualFundSummary/Eaton Vance TABS 5-to-15 Year Laddered Municipal Bond Fund.txt'}
Eaton Vance TABS Short-Term Municipal Bond Fund,Fixed Income Long Only (Low Risk),"Eaton Vance TABS Short

Term Municipal Bond Fund

<head_breaker>

Eaton Vance TABS Short

Term Municipal Bond Fund

Investment Objective

The Fund’s investment objective is to seek after-tax total return.

Fees and Expenses of the Fund",{'source': 'MutualFundSummary/Eaton Vance TABS Short-Term Municipal Bond Fund.txt'}
Eaton Vance TABS Intermediate-Term Municipal Bond Fund,Fixed Income Long Only (Low Risk),"Eaton Vance TABS Intermediate

Term Municipal Bond Fund

<head_breaker>

Eaton Vance TABS Intermediate

Term Municipal Bond Fund

Investment Objective

The Fund’s investment objective is to seek after-tax total return.

Fees and Expenses of the Fund",{'source': 'MutualFundSummary/Eaton Vance TABS Intermediate-Term Municipal Bond Fund.txt'}
Emerging Markets Fund,Equity Long Only (Low Risk),"PRINCIPAL INVESTMENT STRATEGY

The Fund normally invests at least 80% of its assets in equity securities of emerging-market companies. The “equity securities” in which the Fund principally invests are common stocks, preferred stocks, securities convertible into common stocks, and securities that carry the right to buy common stocks. This 80% policy may be changed upon at least 60 days’ written notice to shareholders.

PRINCIPAL RISKS",{'source': 'MutualFundSummary/Emerging Markets Fund.txt'}
EMERGING MARKETS SMALL CAP FUND,Equity Long Only (Low Risk),"#2#

Principal Investment Strategies

The fund will invest at least 80% of its net assets in securities issued by small cap companies that are located in emerging market countries. The fund generally invests in equity securities that are denominated in foreign currencies.

The portfolio managers consider small cap companies to include companies that, at the time of purchase, have market capitalizations not greater than the larger of the market capitalization of the largest company in the MSCI Emerging Markets Small Cap Index or $6 billion. As of January 31, 2018 , the total market capitalization of the largest company in the index was $6.6 billion .",{'source': 'MutualFundSummary/EMERGING MARKETS SMALL CAP FUND.txt'}
Federated MDT All Cap Core Fund,Equity Long Only (Low Risk),"Federated MDT All Cap Core Fund

<head_breaker>

Fund Summary Information

Federated MDT All Cap Core Fund (the “Fund”)

RISK/RETURN SUMMARY: INVESTMENT OBJECTIVE

The Fund's investment objective is long-term capital appreciation.

RISK/RETURN SUMMARY: FEES AND EXPENSES",{'source': 'MutualFundSummary/Federated MDT All Cap Core Fund.txt'}
Federated MDT Balanced Fund,Balanced Fund (Low Risk),"Federated MDT Balanced Fund

<head_breaker>

Fund Summary Information

Federated MDT Balanced Fund (the “Fund”)

RISK/RETURN SUMMARY: INVESTMENT OBJECTIVE

The Fund's investment objective is the possibility of long-term growth of capital and income.

RISK/RETURN SUMMARY: FEES AND EXPENSES",{'source': 'MutualFundSummary/Federated MDT Balanced Fund.txt'}
EQUITY GROWTH FUND,Equity Long Only (Low Risk),"2

Principal Investment Strategies

In selecting stocks for the fund, the portfolio managers use quantitative management techniques in a two-step process. First, the managers rank stocks, primarily large capitalization, publicly traded U.S. companies with a market capitalization greater than $2 billion, from most attractive to least attractive based on an objective set of measures, including valuation, quality, growth, and sentiment. Second, the portfolio managers use a quantitative model to build a portfolio of stocks from the ranking described above that they believe will provide the optimal balance between risk and expected return.

Under normal market conditions, at least 80% of the fund’s net assets will be invested in equity securities.

The portfolio managers generally sell a stock when they believe it has become less attractive relative to other opportunities, its risk characteristics outweigh its return opportunity or specific events alter its prospects.

Principal Risks",{'source': 'MutualFundSummary/EQUITY GROWTH FUND.txt'}
Federated MDT Large Cap Growth Fund,Equity Long Only (Low Risk),"Federated MDT Large Cap Growth Fund

<head_breaker>

Fund Summary Information

Federated MDT Large Cap Growth Fund (the “Fund”)

RISK/RETURN SUMMARY: INVESTMENT OBJECTIVE

The Fund's investment objective is long-term capital appreciation.

RISK/RETURN SUMMARY: FEES AND EXPENSES",{'source': 'MutualFundSummary/Federated MDT Large Cap Growth Fund.txt'}
Federated MDT Small Cap Core Fund,Equity Long Only (Low Risk),"Federated MDT Small Cap Core Fund

<head_breaker>

Fund Summary Information

Federated MDT Small Cap Core Fund (the “Fund”)

RISK/RETURN SUMMARY: INVESTMENT OBJECTIVE

The Fund's investment objective is long-term capital appreciation.

RISK/RETURN SUMMARY: FEES AND EXPENSES",{'source': 'MutualFundSummary/Federated MDT Small Cap Core Fund.txt'}
Federated MDT Small Cap Growth Fund,Equity Long Only (Low Risk),"Federated MDT Small Cap Growth Fund

<head_breaker>

Fund Summary Information

Federated MDT Small Cap Growth Fund (the “Fund”)

RISK/RETURN SUMMARY: INVESTMENT OBJECTIVE

The Fund's investment objective is to provide long-term capital appreciation.

RISK/RETURN SUMMARY: FEES AND EXPENSES",{'source': 'MutualFundSummary/Federated MDT Small Cap Growth Fund.txt'}
Fidelity Advisor Communications Equipment Fund,Equity Long Only (Low Risk),"Fidelity Advisor Communications Equipment Fund <head_breaker>

Fund Summary

Fund/Class: Fidelity Advisor® Communications Equipment Fund/A, M, C, I

Investment Objective

The fund seeks capital appreciation.

Fee Table

The following table describes the fees and expenses that may be incurred when you buy and hold shares of the fund. In addition to the fees and expenses described below, your broker may also require you to pay brokerage commissions on purchases and sales of certain share classes of the fund.",{'source': 'MutualFundSummary/Fidelity Advisor Communications Equipment Fund.txt'}
Fidelity Advisor Consumer Discretionary Fund,Equity Long Only (Low Risk),"Fidelity Advisor Consumer Discretionary Fund <head_breaker>

Fund Summary

Fund/Class: Fidelity Advisor® Consumer Discretionary Fund/A, M, C, I

Investment Objective

The fund seeks capital appreciation.

Fee Table

The following table describes the fees and expenses that may be incurred when you buy and hold shares of the fund. In addition to the fees and expenses described below, your broker may also require you to pay brokerage commissions on purchases and sales of certain share classes of the fund.",{'source': 'MutualFundSummary/Fidelity Advisor Consumer Discretionary Fund.txt'}
Fidelity Advisor Energy Fund,Equity Long Only (Low Risk),"Fidelity Advisor Energy Fund

<head_breaker>

Fund Summary

Fund/Class: Fidelity Advisor® Energy Fund/A, M, C, I

Investment Objective

The fund seeks capital appreciation.

Fee Table

The following table describes the fees and expenses that may be incurred when you buy and hold shares of the fund. In addition to the fees and expenses described below, your broker may also require you to pay brokerage commissions on purchases and sales of certain share classes of the fund.",{'source': 'MutualFundSummary/Fidelity Advisor Energy Fund.txt'}
Fidelity Advisor Financial Services Fund,Equity Long Only (Low Risk),"Fidelity Advisor Financial Services Fund <head_breaker>

Fund Summary

Fund/Class: Fidelity Advisor® Financial Services Fund/A, M, C, I

Investment Objective

The fund seeks capital appreciation.

Fee Table

The following table describes the fees and expenses that may be incurred when you buy and hold shares of the fund. In addition to the fees and expenses described below, your broker may also require you to pay brokerage commissions on purchases and sales of certain share classes of the fund.",{'source': 'MutualFundSummary/Fidelity Advisor Financial Services Fund.txt'}
Fidelity Advisor Freedom 2005 Fund,Balanced Fund (Low Risk),"Fidelity Advisor Freedom 2005 Fund <head_breaker>

Fund Summary

Fund/Class: Fidelity Freedom® 2005 Fund/Fidelity Freedom® 2005 Fund

Investment Objective

The fund seeks high total return until its target retirement date. Thereafter the fund's objective will be to seek high current income and, as a secondary objective, capital appreciation.

Fee Table

The following table describes the fees and expenses that may be incurred when you buy and hold shares of the fund.

Shareholder fees

(fees paid directly from your investment) 	None Annual Operating Expenses

(expenses that you pay each year as a % of the value of your investment)

Management fee(a) 	 	0.48% Distribution and/or Service (12b-1) fees 	 	None Other expenses(a) 	 	0.01% Total annual operating expenses(a),(b) 	 	0.49% (a)   Adjusted to reflect current fees.",{'source': 'MutualFundSummary/Fidelity Advisor Freedom 2005 Fund.txt'}
Fidelity Advisor Freedom 2010 Fund,Balanced Fund (Low Risk),"Fidelity Advisor Freedom 2010 Fund <head_breaker>

Fund Summary

Fund/Class: Fidelity Freedom® 2010 Fund/Fidelity Freedom® 2010 Fund

Investment Objective

The fund seeks high total return until its target retirement date. Thereafter the fund's objective will be to seek high current income and, as a secondary objective, capital appreciation.

Fee Table

The following table describes the fees and expenses that may be incurred when you buy and hold shares of the fund.

Shareholder fees

(fees paid directly from your investment) 	None Annual Operating Expenses

(expenses that you pay each year as a % of the value of your investment)

Management fee(a) 	 	0.53% Distribution and/or Service (12b-1) fees 	 	None Other expenses(a) 	 	0.00% Total annual operating expenses(a) 	 	0.53% (a)   Adjusted to reflect current fees.

This example helps compare the cost of investing in the fund with the cost of investing in other funds.",{'source': 'MutualFundSummary/Fidelity Advisor Freedom 2010 Fund.txt'}
Fidelity Advisor Freedom 2015 Fund,Balanced Fund (Low Risk),"Fidelity Advisor Freedom 2015 Fund <head_breaker>

Fund Summary

Fund/Class: Fidelity Freedom® 2015 Fund/Fidelity Freedom® 2015 Fund

Investment Objective

The fund seeks high total return until its target retirement date. Thereafter the fund's objective will be to seek high current income and, as a secondary objective, capital appreciation.

Fee Table

The following table describes the fees and expenses that may be incurred when you buy and hold shares of the fund.

Shareholder fees

(fees paid directly from your investment) 	None Annual Operating Expenses

(expenses that you pay each year as a % of the value of your investment)

Management fee(a) 	 	0.57% Distribution and/or Service (12b-1) fees 	 	None Other expenses(a) 	 	0.00% Total annual operating expenses(a) 	 	0.57% (a)   Adjusted to reflect current fees.

This example helps compare the cost of investing in the fund with the cost of investing in other funds.",{'source': 'MutualFundSummary/Fidelity Advisor Freedom 2015 Fund.txt'}
Fidelity Advisor Freedom 2020 Fund,Balanced Fund (Low Risk),"Fidelity Advisor Freedom 2020 Fund <head_breaker>

Fund Summary

Fund/Class: Fidelity Freedom® 2020 Fund/Fidelity Freedom® 2020 Fund

Investment Objective

The fund seeks high total return until its target retirement date. Thereafter the fund's objective will be to seek high current income and, as a secondary objective, capital appreciation.

Fee Table

The following table describes the fees and expenses that may be incurred when you buy and hold shares of the fund.

Shareholder fees

(fees paid directly from your investment) 	None Annual Operating Expenses

(expenses that you pay each year as a % of the value of your investment)

Management fee(a) 	 	0.61% Distribution and/or Service (12b-1) fees 	 	None Other expenses(a) 	 	0.00% Total annual operating expenses(a) 	 	0.61% (a)   Adjusted to reflect current fees.

This example helps compare the cost of investing in the fund with the cost of investing in other funds.",{'source': 'MutualFundSummary/Fidelity Advisor Freedom 2020 Fund.txt'}
Fidelity Advisor Freedom 2025 Fund,Balanced Fund (Low Risk),"Fidelity Advisor Freedom 2025 Fund <head_breaker>

Fund Summary

Fund/Class: Fidelity Freedom® 2025 Fund/Fidelity Freedom® 2025 Fund

Investment Objective

The fund seeks high total return until its target retirement date. Thereafter the fund's objective will be to seek high current income and, as a secondary objective, capital appreciation.

Fee Table

The following table describes the fees and expenses that may be incurred when you buy and hold shares of the fund.

Shareholder fees

(fees paid directly from your investment) 	None Annual Operating Expenses

(expenses that you pay each year as a % of the value of your investment)

Management fee(a) 	 	0.65% Distribution and/or Service (12b-1) fees 	 	None Other expenses(a) 	 	0.01% Total annual operating expenses(a),(b) 	 	0.66% (a)   Adjusted to reflect current fees.",{'source': 'MutualFundSummary/Fidelity Advisor Freedom 2025 Fund.txt'}
Fidelity Advisor Freedom 2030 Fund,Balanced Fund (Low Risk),"Fidelity Advisor Freedom 2030 Fund <head_breaker>

Fund Summary

Fund/Class: Fidelity Freedom® 2030 Fund/Fidelity Freedom® 2030 Fund

Investment Objective

The fund seeks high total return until its target retirement date. Thereafter the fund's objective will be to seek high current income and, as a secondary objective, capital appreciation.

Fee Table

The following table describes the fees and expenses that may be incurred when you buy and hold shares of the fund.

Shareholder fees

(fees paid directly from your investment) 	None Annual Operating Expenses

(expenses that you pay each year as a % of the value of your investment)

Management fee(a) 	 	0.70% Distribution and/or Service (12b-1) fees 	 	None Other expenses(a) 	 	0.00% Total annual operating expenses(a) 	 	0.70% (a)   Adjusted to reflect current fees.

This example helps compare the cost of investing in the fund with the cost of investing in other funds.",{'source': 'MutualFundSummary/Fidelity Advisor Freedom 2030 Fund.txt'}
Fidelity Advisor Freedom 2035 Fund,Balanced Fund (Low Risk),"Fidelity Advisor Freedom 2035 Fund <head_breaker>

Fund Summary

Fund/Class: Fidelity Freedom® 2035 Fund/Fidelity Freedom® 2035 Fund

Investment Objective

The fund seeks high total return until its target retirement date. Thereafter the fund's objective will be to seek high current income and, as a secondary objective, capital appreciation.

Fee Table

The following table describes the fees and expenses that may be incurred when you buy and hold shares of the fund.

Shareholder fees

(fees paid directly from your investment) 	None Annual Operating Expenses

(expenses that you pay each year as a % of the value of your investment)

Management fee(a) 	 	0.74% Distribution and/or Service (12b-1) fees 	 	None Other expenses(a) 	 	0.00% Total annual operating expenses(a) 	 	0.74% (a)   Adjusted to reflect current fees.

This example helps compare the cost of investing in the fund with the cost of investing in other funds.",{'source': 'MutualFundSummary/Fidelity Advisor Freedom 2035 Fund.txt'}
Fidelity Advisor Freedom 2040 Fund,Balanced Fund (Low Risk),"Fidelity Advisor Freedom 2040 Fund <head_breaker>

Fund Summary

Fund/Class: Fidelity Freedom® 2040 Fund/Fidelity Freedom® 2040 Fund

Investment Objective

The fund seeks high total return until its target retirement date. Thereafter the fund's objective will be to seek high current income and, as a secondary objective, capital appreciation.

Fee Table

The following table describes the fees and expenses that may be incurred when you buy and hold shares of the fund.

Shareholder fees

(fees paid directly from your investment) 	None Annual Operating Expenses

(expenses that you pay each year as a % of the value of your investment)

Management fee(a) 	 	0.75% Distribution and/or Service (12b-1) fees 	 	None Other expenses(a) 	 	0.00% Total annual operating expenses(a) 	 	0.75% (a)   Adjusted to reflect current fees.

This example helps compare the cost of investing in the fund with the cost of investing in other funds.",{'source': 'MutualFundSummary/Fidelity Advisor Freedom 2040 Fund.txt'}
Fidelity Advisor Freedom 2045 Fund,Balanced Fund (Low Risk),"Fidelity Advisor Freedom 2045 Fund <head_breaker>

Fund Summary

Fund/Class: Fidelity Freedom® 2045 Fund/Fidelity Freedom® 2045 Fund

Investment Objective

The fund seeks high total return until its target retirement date. Thereafter the fund's objective will be to seek high current income and, as a secondary objective, capital appreciation.

Fee Table

The following table describes the fees and expenses that may be incurred when you buy and hold shares of the fund.

Shareholder fees

(fees paid directly from your investment) 	None Annual Operating Expenses

(expenses that you pay each year as a % of the value of your investment)

Management fee(a) 	 	0.75% Distribution and/or Service (12b-1) fees 	 	None Other expenses(a) 	 	0.00% Total annual operating expenses(a) 	 	0.75% (a)   Adjusted to reflect current fees.

This example helps compare the cost of investing in the fund with the cost of investing in other funds.",{'source': 'MutualFundSummary/Fidelity Advisor Freedom 2045 Fund.txt'}
Fidelity Advisor Freedom 2050 Fund,Balanced Fund (Low Risk),"Fidelity Advisor Freedom 2050 Fund <head_breaker>

Fund Summary

Fund/Class: Fidelity Freedom® 2050 Fund/Fidelity Freedom® 2050 Fund

Investment Objective

The fund seeks high total return until its target retirement date. Thereafter the fund's objective will be to seek high current income and, as a secondary objective, capital appreciation.

Fee Table

The following table describes the fees and expenses that may be incurred when you buy and hold shares of the fund.

Shareholder fees

(fees paid directly from your investment) 	None Annual Operating Expenses

(expenses that you pay each year as a % of the value of your investment)

Management fee(a) 	 	0.75% Distribution and/or Service (12b-1) fees 	 	None Other expenses(a) 	 	0.00% Total annual operating expenses(a) 	 	0.75% (a)   Adjusted to reflect current fees.

This example helps compare the cost of investing in the fund with the cost of investing in other funds.",{'source': 'MutualFundSummary/Fidelity Advisor Freedom 2050 Fund.txt'}
Fidelity Advisor Freedom 2060 Fund,Balanced Fund (Low Risk),"Fidelity Advisor Freedom 2060 Fund <head_breaker>

Fund Summary

Fund/Class: Fidelity Freedom® 2060 Fund/Fidelity Freedom® 2060 Fund

Investment Objective

The fund seeks high total return until its target retirement date. Thereafter the fund's objective will be to seek high current income and, as a secondary objective, capital appreciation.

Fee Table

The following table describes the fees and expenses that may be incurred when you buy and hold shares of the fund.

Shareholder fees

(fees paid directly from your investment) 	None Annual Operating Expenses

(expenses that you pay each year as a % of the value of your investment)

Management fee(a) 	 	0.75% Distribution and/or Service (12b-1) fees 	 	None Other expenses(a) 	 	0.00% Total annual operating expenses(a) 	 	0.75% (a)   Adjusted to reflect current fees.

This example helps compare the cost of investing in the fund with the cost of investing in other funds.",{'source': 'MutualFundSummary/Fidelity Advisor Freedom 2060 Fund.txt'}
Fidelity Advisor Health Care Fund,Equity Long Only (Low Risk),"Fidelity Advisor Health Care Fund <head_breaker>

Fund Summary

Fund/Class: Fidelity Advisor® Health Care Fund/A, M, C, I

Investment Objective

The fund seeks capital appreciation.

Fee Table

The following table describes the fees and expenses that may be incurred when you buy and hold shares of the fund. In addition to the fees and expenses described below, your broker may also require you to pay brokerage commissions on purchases and sales of certain share classes of the fund.",{'source': 'MutualFundSummary/Fidelity Advisor Health Care Fund.txt'}
Fidelity Advisor Freedom 2055 Fund,Balanced Fund (Low Risk),"Fidelity Advisor Freedom 2055 Fund <head_breaker>

Fund Summary

Fund/Class: Fidelity Freedom® 2055 Fund/Fidelity Freedom® 2055 Fund

Investment Objective

The fund seeks high total return until its target retirement date. Thereafter the fund's objective will be to seek high current income and, as a secondary objective, capital appreciation.

Fee Table

The following table describes the fees and expenses that may be incurred when you buy and hold shares of the fund.

Shareholder fees

(fees paid directly from your investment) 	None Annual Operating Expenses

(expenses that you pay each year as a % of the value of your investment)

Management fee(a) 	 	0.75% Distribution and/or Service (12b-1) fees 	 	None Other expenses(a) 	 	0.00% Total annual operating expenses(a) 	 	0.75% (a)   Adjusted to reflect current fees.

This example helps compare the cost of investing in the fund with the cost of investing in other funds.",{'source': 'MutualFundSummary/Fidelity Advisor Freedom 2055 Fund.txt'}
Fidelity Advisor Industrials Fund,Equity Long Only (Low Risk),"Fidelity Advisor Industrials Fund

<head_breaker>

Fund Summary

Fund/Class: Fidelity Advisor® Industrials Fund/A, M, C, I

Investment Objective

The fund seeks capital appreciation.

Fee Table

The following table describes the fees and expenses that may be incurred when you buy and hold shares of the fund. In addition to the fees and expenses described below, your broker may also require you to pay brokerage commissions on purchases and sales of certain share classes of the fund.",{'source': 'MutualFundSummary/Fidelity Advisor Industrials Fund.txt'}
Fidelity Advisor New Insights Fund,Equity Long Only (Low Risk),"Fidelity Advisor New Insights Fund <head_breaker>

Fund Summary

Fund/Class: Fidelity Advisor® New Insights Fund/ A, M, C, I, Z

Investment Objective

The fund seeks capital appreciation.

Fee Table

The following table describes the fees and expenses that may be incurred when you buy and hold shares of the fund.

You may qualify for sales charge discounts if you and your family invest, or agree to invest in the future, at least $50,000 in the fund or certain other Fidelity® funds. More information about these and other discounts is available from your investment professional and in the ""Fund Distribution"" section beginning on page 29 of the prospectus. Different intermediaries may provide additional waivers or reductions of the sales charge. Please see “Sales Charge Waiver Policies Applied by Certain Intermediaries” in the “Appendix” section of the prospectus.

Shareholder fees

(fees paid directly from your investment)",{'source': 'MutualFundSummary/Fidelity Advisor New Insights Fund.txt'}
Fidelity Advisor Semiconductors Fund,Equity Long Only (Low Risk),"Fidelity Advisor Semiconductors Fund

<head_breaker>

Fund Summary

Fund/Class: Fidelity Advisor® Semiconductors Fund/A, M, C, I

Investment Objective

The fund seeks capital appreciation.

Fee Table

The following table describes the fees and expenses that may be incurred when you buy and hold shares of the fund. In addition to the fees and expenses described below, your broker may also require you to pay brokerage commissions on purchases and sales of certain share classes of the fund.",{'source': 'MutualFundSummary/Fidelity Advisor Semiconductors Fund.txt'}
Fidelity Advisor Series Equity Value Fund,Equity Long Only (Low Risk),"Fidelity Advisor Series Equity Value Fund <head_breaker>

Fund Summary

Fund: Fidelity Advisor速 Series Equity Value Fund Investment Objective

The fund seeks capital appreciation.

Fee Table

The following table describes the fees and expenses that may be incurred when you buy and hold shares of the fund.

Shareholder fees

(fees paid directly from your investment) 	None Annual Operating Expenses

(expenses that you pay each year as a % of the value of your investment)

Management fee(a) 	 	None Distribution and/or Service (12b-1) fees 	 	None Other expenses(a) 	 	0.00% Acquired fund fees and expenses 	 	0.02% Total annual operating expenses(b) 	 	0.02% (a)   Adjusted to reflect current fees.",{'source': 'MutualFundSummary/Fidelity Advisor Series Equity Value Fund.txt'}
Fidelity Advisor Series Opportunistic Insights Fund,Equity Long Only (Low Risk),"Fidelity Advisor Series Opportunistic Insights Fund <head_breaker>

Fund Summary

Fund: Fidelity Advisor速 Series Opportunistic Insights Fund Investment Objective

The fund seeks capital appreciation.

Fee Table

The following table describes the fees and expenses that may be incurred when you buy and hold shares of the fund.

Shareholder fees

(fees paid directly from your investment) 	None Annual Operating Expenses

(expenses that you pay each year as a % of the value of your investment)

Management fee(a) 	 	None Distribution and/or Service (12b-1) fees 	 	None Other expenses(a) 	 	0.01% Total annual operating expenses(a) 	 	0.01% (a)   Adjusted to reflect current fees.

This example helps compare the cost of investing in the fund with the cost of investing in other funds.",{'source': 'MutualFundSummary/Fidelity Advisor Series Opportunistic Insights Fund.txt'}
Fidelity Advisor Technology Fund,Equity Long Only (Low Risk),"Fidelity Advisor Technology Fund

<head_breaker>

Fund Summary

Fund/Class: Fidelity Advisor® Technology Fund/A, M, C, I

Investment Objective

The fund seeks capital appreciation.

Fee Table

The following table describes the fees and expenses that may be incurred when you buy and hold shares of the fund. In addition to the fees and expenses described below, your broker may also require you to pay brokerage commissions on purchases and sales of certain share classes of the fund.",{'source': 'MutualFundSummary/Fidelity Advisor Technology Fund.txt'}
Fidelity Advisor Utilities Fund,Equity Long Only (Low Risk),"Fidelity Advisor Utilities Fund

<head_breaker>

Fund Summary

Fund/Class: Fidelity Advisor® Utilities Fund/A, M, C, I

Investment Objective

The fund seeks capital appreciation.

Fee Table

The following table describes the fees and expenses that may be incurred when you buy and hold shares of the fund. In addition to the fees and expenses described below, your broker may also require you to pay brokerage commissions on purchases and sales of certain share classes of the fund.",{'source': 'MutualFundSummary/Fidelity Advisor Utilities Fund.txt'}
Fidelity Contrafund K6,Equity Long Only (Low Risk),"Fidelity Contrafund K6

<head_breaker>

Fund Summary

Fund:

Fidelity® Contrafund® K6

Investment Objective

The fund seeks capital appreciation.

Fee Table

The following table describes the fees and expenses that may be incurred when you buy and hold shares of the fund.

Shareholder fees

(fees paid directly from your investment) 	None Annual Operating Expenses

(expenses that you pay each year as a % of the value of your investment)

Management fee 	 	0.45% Distribution and/or Service (12b-1) fees 	 	None Other expenses 	 	0.00% Total annual operating expenses 	 	0.45% This example helps compare the cost of investing in the fund with the cost of investing in other funds.",{'source': 'MutualFundSummary/Fidelity Contrafund K6.txt'}
Fidelity Contrafund,Equity Long Only (Low Risk),"Fidelity Contrafund

<head_breaker>

Fund Summary

Fund/Class:

Fidelity® Contrafund®/K

Investment Objective

The fund seeks capital appreciation.

Fee Table

The following table describes the fees and expenses that may be incurred when you buy and hold shares of the fund.

Shareholder fees

(fees paid directly from your investment) 	None Annual Operating Expenses

(expenses that you pay each year as a % of the value of your investment)

Management fee (fluctuates based on the fund's performance relative to a securities market index) 	 	0.60% Distribution and/or Service (12b-1) fees 	 	None Other expenses 	 	0.05% Total annual operating expenses 	 	0.65% This example helps compare the cost of investing in the fund with the cost of investing in other funds.",{'source': 'MutualFundSummary/Fidelity Contrafund.txt'}
Fidelity Diversified International Fund,Equity Long Only (Low Risk),"Fidelity Diversified International Fund

<head_breaker>

Fund Summary

Fund/Class: Fidelity® Diversified International Fund/Fidelity® Diversified International Fund

Investment Objective

The fund seeks capital growth.

Fee Table

The following table describes the fees and expenses that may be incurred when you buy and hold shares of the fund.

Shareholder fees

(fees paid directly from your investment) 	None Annual Operating Expenses

(expenses that you pay each year as a % of the value of your investment)

Management fee (fluctuates based on the fund's performance relative to a securities market index) 	 	0.61% Distribution and/or Service (12b-1) fees 	 	None Other expenses 	 	0.20% Total annual operating expenses 	 	0.81% This example helps compare the cost of investing in the fund with the cost of investing in other funds.",{'source': 'MutualFundSummary/Fidelity Diversified International Fund.txt'}
Fidelity Emerging Asia Fund,Equity Long Only (Low Risk),"Fidelity Emerging Asia Fund

<head_breaker>

Fund Summary

Fund:

Fidelity® Emerging Asia Fund

Investment Objective

The fund seeks capital appreciation.

Fee Table

The following table describes the fees and expenses that may be incurred when you buy and hold shares of the fund.

Shareholder fees

(fees paid directly from your investment) 	None Annual Operating Expenses

(expenses that you pay each year as a % of the value of your investment)

Management fee (fluctuates based on the fund's performance relative to a securities market index) 	 	0.74% Distribution and/or Service (12b-1) fees 	 	None Other expenses 	 	0.28% Total annual operating expenses 	 	1.02% This example helps compare the cost of investing in the fund with the cost of investing in other funds.",{'source': 'MutualFundSummary/Fidelity Emerging Asia Fund.txt'}
"Fidelity Emerging Europe, Middle East, Africa (EMEA) Fund",Equity Long Only (Low Risk),"Fidelity Emerging Europe, Middle East, Africa (EMEA) Fund <head_breaker>

Fund Summary

Fund/Class: Fidelity® Emerging Europe, Middle East, Africa (EMEA) Fund/Fidelity Advisor® Emerging Europe, Middle East, Africa (EMEA) Fund A, M, C, I

Investment Objective

The fund seeks capital appreciation.

Fee Table

The following table describes the fees and expenses that may be incurred when you buy and hold shares of the fund. In addition to the fees and expenses described below, your broker may also require you to pay brokerage commissions on purchases and sales of certain share classes of the fund.","{'source': 'MutualFundSummary/Fidelity Emerging Europe, Middle East, Africa (EMEA) Fund.txt'}"
Fidelity Emerging Markets Discovery Fund,Equity Long Only (Low Risk),"Principal Investment Strategies

Normally investing at least 80% of assets in securities of issuers in emerging markets (countries that have an emerging stock market as defined by MSCI, countries or markets with low- to middle-income economies as classified by the World Bank, and other countries or markets with similar emerging characteristics) and other investments that are tied economically to emerging markets. Normally investing primarily in common stocks. Investing in either ""growth"" stocks or ""value"" stocks or both. Allocating the fund's assets across emerging markets sectors, using different Fidelity managers. Allocating investments across different emerging market countries. Using fundamental analysis of factors such as each issuer's financial condition and industry position, as well as market and economic conditions, to select investments. Principal Investment Risks",{'source': 'MutualFundSummary/Fidelity Emerging Markets Discovery Fund.txt'}
Fidelity Emerging Markets Fund,Equity Long Only (Low Risk),"Fidelity Emerging Markets Fund

<head_breaker>

Fund Summary

Fund/Class: Fidelity® Emerging Markets Fund/Fidelity® Emerging Markets Fund

Investment Objective

The fund seeks capital appreciation.

Fee Table

The following table describes the fees and expenses that may be incurred when you buy and hold shares of the fund.

Shareholder fees

(fees paid directly from your investment) 	None Annual Operating Expenses

(expenses that you pay each year as a % of the value of your investment)

Management fee 	 	0.69% Distribution and/or Service (12b-1) fees 	 	None Other expenses 	 	0.27% Total annual operating expenses 	 	0.96% This example helps compare the cost of investing in the fund with the cost of investing in other funds.",{'source': 'MutualFundSummary/Fidelity Emerging Markets Fund.txt'}
Fidelity Flex Conservative Income Bond Fund,Fixed Income Long Only (Low Risk),"Fidelity Flex Conservative Income Bond Fund <head_breaker>

Fund Summary

Fund: Fidelity Flex℠ Conservative Income Bond Fund Investment Objective

The fund seeks to obtain a high level of current income consistent with preservation of capital.

Fee Table

The following table describes the fees and expenses that may be incurred when you buy and hold shares of the fund.

Shareholder fees

(fees paid directly from your investment) 	None Annual Operating Expenses

(expenses that you pay each year as a % of the value of your investment)

Management fee 	None Distribution and/or Service (12b-1) fees 	None Other expenses(a) 	0.00% Total annual operating expenses(b) 	0.00% (a)  Based on estimated amounts for the current fiscal year.

(b)  The fund is available only to certain fee-based accounts offered by Fidelity. Managed account clients, retirement plans, plan sponsors and/or plan participants pay a wrap fee that covers investment advisory and administrative services.",{'source': 'MutualFundSummary/Fidelity Flex Conservative Income Bond Fund.txt'}
Fidelity Flex Short-Term Bond Fund,Fixed Income Long Only (Low Risk),"Fidelity Flex Short

Term Bond Fund

<head_breaker>

Fund Summary

Fund:

Fidelity Flex℠ Short

Term Bond Fund

Investment Objective

The fund seeks to obtain a high level of current income consistent with preservation of capital.

Fee Table

The following table describes the fees and expenses that may be incurred when you buy and hold shares of the fund.

Shareholder fees

(fees paid directly from your investment) 	None Annual Operating Expenses

(expenses that you pay each year as a % of the value of your investment)

Management fee 	 	None Distribution and/or Service (12b-1) fees 	 	None Other expenses 	 	0.00% Total annual operating expenses(a) 	 	0.00% (a)   The fund is available only to certain fee-based accounts offered by Fidelity. Managed account clients, retirement plans, plan sponsors and/or plan participants pay a wrap fee that covers investment advisory and administrative services.",{'source': 'MutualFundSummary/Fidelity Flex Short-Term Bond Fund.txt'}
Fidelity Flex U.S. Bond Index Fund,Fixed Income Long Only (Low Risk),"Principal Investment Strategies

Normally investing at least 80% of the fund's assets in bonds included in the Bloomberg Barclays U.S. Aggregate Bond Index. Using statistical sampling techniques based on duration, maturity, interest rate sensitivity, security structure, and credit quality to attempt to replicate the returns of the Bloomberg Barclays U.S. Aggregate Bond Index using a smaller number of securities. Engaging in transactions that have a leveraging effect on the fund, including investments in derivatives - such as swaps (interest rate, total return, and credit default), options, and futures contracts - and forward-settling securities, to adjust the fund's risk exposure. Investing in Fidelity's central funds (specialized investment vehicles used by Fidelity® funds to invest in particular security types or investment disciplines). Principal Investment Risks",{'source': 'MutualFundSummary/Fidelity Flex U.S. Bond Index Fund.txt'}
Fidelity Flex Opportunistic Insights Fund,Equity Long Only (Low Risk),"Fidelity Flex Opportunistic Insights Fund <head_breaker>

Fund Summary

Fund: Fidelity Flex℠ Opportunistic Insights Fund Investment Objective

The fund seeks capital appreciation.

Fee Table

The following table describes the fees and expenses that may be incurred when you buy and hold shares of the fund.

Shareholder fees

(fees paid directly from your investment) 	None Annual Operating Expenses

(expenses that you pay each year as a % of the value of your investment)

Management fee 	None Distribution and/or Service (12b-1) fees 	None Other expenses 	0.00% Total annual operating expenses(a) 	0.00% (a)   The fund is available only to certain fee-based accounts offered by Fidelity. Managed account clients, retirement plans, plan sponsors and/or plan participants pay a wrap fee that covers investment advisory and administrative services.

This example helps compare the cost of investing in the fund with the cost of investing in other funds.",{'source': 'MutualFundSummary/Fidelity Flex Opportunistic Insights Fund.txt'}
Fidelity Global Equity Income Fund,Equity Long Only (Low Risk),"Fidelity Global Equity Income Fund <head_breaker>

Fund Summary

Fund: Fidelity速 Global Equity Income Fund Investment Objective

The fund seeks reasonable income. In pursuing this objective, the fund will also consider the potential for capital appreciation.

Fee Table

The following table describes the fees and expenses that may be incurred when you buy and hold shares of the fund.

Shareholder fees

(fees paid directly from your investment) 	None Annual Operating Expenses

(expenses that you pay each year as a % of the value of your investment)

Management fee 	 	0.69% Distribution and/or Service (12b-1) fees 	 	None Other expenses 	 	0.37% Total annual operating expenses 	 	1.06% This example helps compare the cost of investing in the fund with the cost of investing in other funds.",{'source': 'MutualFundSummary/Fidelity Global Equity Income Fund.txt'}
Fidelity GNMA Fund,Fixed Income Long Only (Low Risk),"Fidelity GNMA Fund

<head_breaker>

Fund Summary

Fund:

Fidelity速 GNMA Fund

Investment Objective

The fund seeks a high level of current income consistent with prudent investment risk. In seeking current income, the fund may also consider the potential for capital gain.

Fee Table

The following table describes the fees and expenses that may be incurred when you buy and hold shares of the fund.

Shareholder fees

(fees paid directly from your investment) 	None Annual Operating Expenses

(expenses that you pay each year as a % of the value of your investment)

Management fee 	0.31% Distribution and/or Service (12b-1) fees 	None Other expenses 	0.14% Total annual operating expenses 	0.45% This example helps compare the cost of investing in the fund with the cost of investing in other funds.",{'source': 'MutualFundSummary/Fidelity GNMA Fund.txt'}
Fidelity International Capital Appreciation Fund,Equity Long Only (Low Risk),"Fidelity International Capital Appreciation Fund <head_breaker>

Fund Summary

Fund: Fidelity速 International Capital Appreciation Fund Investment Objective

The fund seeks long

term growth of capital.

Fee Table

The following table describes the fees and expenses that may be incurred when you buy and hold shares of the fund.

Shareholder fees

(fees paid directly from your investment) 	None Annual Operating Expenses

(expenses that you pay each year as a % of the value of your investment)

Management fee (fluctuates based on the fund's performance relative to a securities market index) 	 	0.82% Distribution and/or Service (12b-1) fees 	 	None Other expenses 	 	0.24% Total annual operating expenses 	 	1.06% This example helps compare the cost of investing in the fund with the cost of investing in other funds.",{'source': 'MutualFundSummary/Fidelity International Capital Appreciation Fund.txt'}
Fidelity International Discovery Fund,Equity Long Only (Low Risk),"Fidelity International Discovery Fund

<head_breaker>

Fund Summary

Fund/Class: Fidelity® International Discovery Fund/Fidelity Advisor® International Discovery Fund A, M, C, I, Z

Investment Objective

The fund seeks long

term growth of capital.

Fee Table

The following table describes the fees and expenses that may be incurred when you buy and hold shares of the fund. In addition to the fees and expenses described below, your broker may also require you to pay brokerage commissions on purchases and sales of certain share classes of the fund.",{'source': 'MutualFundSummary/Fidelity International Discovery Fund.txt'}
Fidelity International Growth Fund,Equity Long Only (Low Risk),"Fidelity International Growth Fund

<head_breaker>

Fund Summary

Fund/Class: Fidelity® International Growth Fund/Fidelity Advisor® International Growth Fund A, M, C, I, Z

Investment Objective

The fund seeks long

term growth of capital.

Fee Table

The following table describes the fees and expenses that may be incurred when you buy and hold shares of the fund. In addition to the fees and expenses described below, your broker may also require you to pay brokerage commissions on purchases and sales of certain share classes of the fund.",{'source': 'MutualFundSummary/Fidelity International Growth Fund.txt'}
Fidelity Investment Grade Bond Fund,Fixed Income Long Only (Low Risk),"Fidelity Investment Grade Bond Fund <head_breaker>

Fund Summary

Fund/Class: Fidelity® Investment Grade Bond Fund/Fidelity Advisor® Investment Grade Bond Fund A, M, C, I, Z

Investment Objective

The fund seeks a high level of current income.

Fee Table

The following table describes the fees and expenses that may be incurred when you buy and hold shares of the fund. In addition to the fees and expenses described below, your broker may also require you to pay brokerage commissions on purchases and sales of certain share classes of the fund.",{'source': 'MutualFundSummary/Fidelity Investment Grade Bond Fund.txt'}
Fidelity Managed Retirement 2005 Fund,Balanced Fund (Low Risk),"Investing primarily in a combination of Fidelity® domestic equity funds, international equity funds, bond funds, and short-term funds (underlying Fidelity® funds) to seek to achieve the fund's investment objective consistent with a payment strategy to be administered through a complementary systematic withdrawal plan. Allocating assets according to a neutral asset allocation strategy shown in the glide path below that adjusts over time until it reaches an allocation similar to that of the Fidelity Managed Retirement Income Fund℠, approximately 10 to 20 years after the year 2005. FMR Co., Inc. (the Adviser) may modify the fund’s neutral asset allocations from time to time when in the interests of shareholders. Buying and selling futures contracts (both long and short positions) in an effort to manage cash flows efficiently, remain fully invested, or facilitate asset allocation. The Adviser may continue to seek total return for several years beyond the fund's horizon date in an effort",{'source': 'MutualFundSummary/Fidelity Managed Retirement 2005 Fund.txt'}
Fidelity Managed Retirement 2010 Fund,Balanced Fund (Low Risk),"Investing primarily in a combination of Fidelity® domestic equity funds, international equity funds, bond funds, and short-term funds (underlying Fidelity® funds) to seek to achieve the fund's investment objective consistent with a payment strategy to be administered through a complementary systematic withdrawal plan. Allocating assets according to a neutral asset allocation strategy shown in the glide path below that adjusts over time until it reaches an allocation similar to that of the Fidelity Managed Retirement Income Fund℠, approximately 10 to 20 years after the year 2010. FMR Co., Inc. (the Adviser) may modify the fund’s neutral asset allocations from time to time when in the interests of shareholders. Buying and selling futures contracts (both long and short positions) in an effort to manage cash flows efficiently, remain fully invested, or facilitate asset allocation. The Adviser may continue to seek total return for several years beyond the fund's horizon date in an effort",{'source': 'MutualFundSummary/Fidelity Managed Retirement 2010 Fund.txt'}
Fidelity Managed Retirement 2015 Fund,Balanced Fund (Low Risk),"Investing primarily in a combination of Fidelity® domestic equity funds, international equity funds, bond funds, and short-term funds (underlying Fidelity® funds) to seek to achieve the fund's investment objective consistent with a payment strategy to be administered through a complementary systematic withdrawal plan. Allocating assets according to a neutral asset allocation strategy shown in the glide path below that adjusts over time until it reaches an allocation similar to that of the Fidelity Managed Retirement Income Fund℠, approximately 10 to 20 years after the year 2015. FMR Co., Inc. (the Adviser) may modify the fund’s neutral asset allocations from time to time when in the interests of shareholders. Buying and selling futures contracts (both long and short positions) in an effort to manage cash flows efficiently, remain fully invested, or facilitate asset allocation. The Adviser may continue to seek total return for several years beyond the fund's horizon date in an effort",{'source': 'MutualFundSummary/Fidelity Managed Retirement 2015 Fund.txt'}
Fidelity Managed Retirement 2020 Fund,Balanced Fund (Low Risk),"Investing primarily in a combination of Fidelity® domestic equity funds, international equity funds, bond funds, and short-term funds (underlying Fidelity® funds) to seek to achieve the fund's investment objective consistent with a payment strategy to be administered through a complementary systematic withdrawal plan. Allocating assets according to a neutral asset allocation strategy shown in the glide path below that adjusts over time until it reaches an allocation similar to that of the Fidelity Managed Retirement Income Fund℠, approximately 10 to 20 years after the year 2020. FMR Co., Inc. (the Adviser) may modify the fund’s neutral asset allocations from time to time when in the interests of shareholders. Buying and selling futures contracts (both long and short positions) in an effort to manage cash flows efficiently, remain fully invested, or facilitate asset allocation. The Adviser may continue to seek total return for several years beyond the fund's horizon date in an effort",{'source': 'MutualFundSummary/Fidelity Managed Retirement 2020 Fund.txt'}
Fidelity Managed Retirement 2025 Fund,Balanced Fund (Low Risk),"Investing primarily in a combination of Fidelity® domestic equity funds, international equity funds, bond funds, and short-term funds (underlying Fidelity® funds) to seek to achieve the fund's investment objective consistent with a payment strategy to be administered through a complementary systematic withdrawal plan. Allocating assets according to a neutral asset allocation strategy shown in the glide path below that adjusts over time until it reaches an allocation similar to that of the Fidelity Managed Retirement Income Fund℠, approximately 10 to 20 years after the year 2025. FMR Co., Inc. (the Adviser) may modify the fund’s neutral asset allocations from time to time when in the interests of shareholders. Buying and selling futures contracts (both long and short positions) in an effort to manage cash flows efficiently, remain fully invested, or facilitate asset allocation. The Adviser may continue to seek total return for several years beyond the fund's horizon date in an effort",{'source': 'MutualFundSummary/Fidelity Managed Retirement 2025 Fund.txt'}
Fidelity Managed Retirement Income Fund,Balanced Fund (Low Risk),"Principal Investment Strategies

Investing primarily in a combination of Fidelity® domestic equity funds, international equity funds, bond funds, and short-term funds (underlying Fidelity® funds) to seek to achieve the fund's investment objective consistent with a payment strategy to be administered through a complementary systematic withdrawal plan. Allocating assets according to a stable neutral asset allocation strategy shown in the glide path below. FMR Co., Inc. (the Adviser) may modify the fund’s neutral asset allocations from time to time when in the interests of shareholders. Buying and selling futures contracts (both long and short positions) in an effort to manage cash flows efficiently, remain fully invested, or facilitate asset allocation.

Allocating assets among underlying Fidelity® funds and futures according to a stable neutral asset allocation of approximately: Domestic Equity Funds* 	17% International Equity Funds* 	7% Bond Funds* 	46% Short-Term Funds* 	30%",{'source': 'MutualFundSummary/Fidelity Managed Retirement Income Fund.txt'}
Fidelity Municipal Income 2019 Fund,Fixed Income Long Only (Low Risk),"Principal Investment Strategies

Normally investing at least 80% of assets in investment-grade municipal securities whose interest is exempt from federal income tax (but may be subject to the federal alternative minimum tax). Managing the fund to have similar overall interest rate risk compared to a customized municipal bond index representing Fidelity Management & Research Company (FMR)'s view of the performance of the fund’s competitive universe. Allocating assets across different market sectors and maturities. Potentially investing more than 25% of total assets in municipal securities that finance similar types of projects. Analyzing the credit quality of the issuer, security-specific features, current and potential future valuation, and trading opportunities to select investments. Liquidating shortly after the fund's target end-date of June 30, 2019. Principal Investment Risks",{'source': 'MutualFundSummary/Fidelity Municipal Income 2019 Fund.txt'}
Fidelity Municipal Income 2021 Fund,Fixed Income Long Only (Low Risk),"Principal Investment Strategies

Normally investing at least 80% of assets in investment-grade municipal securities whose interest is exempt from federal income tax (but may be subject to the federal alternative minimum tax). Managing the fund to have similar overall interest rate risk compared to a customized municipal bond index representing Fidelity Management & Research Company (FMR)'s view of the performance of the fund’s competitive universe. Allocating assets across different market sectors and maturities. Potentially investing more than 25% of total assets in municipal securities that finance similar types of projects. Analyzing the credit quality of the issuer, security-specific features, current and potential future valuation, and trading opportunities to select investments. Liquidating shortly after the fund's target end-date of June 30, 2021. Principal Investment Risks",{'source': 'MutualFundSummary/Fidelity Municipal Income 2021 Fund.txt'}
Fidelity Municipal Income 2023 Fund,Fixed Income Long Only (Low Risk),"Principal Investment Strategies

Normally investing at least 80% of assets in investment-grade municipal securities whose interest is exempt from federal income tax (but may be subject to the federal alternative minimum tax). Managing the fund to have similar overall interest rate risk compared to a customized municipal bond index representing Fidelity Management & Research Company (FMR)'s view of the performance of the fund’s competitive universe. Allocating assets across different market sectors and maturities. Potentially investing more than 25% of total assets in municipal securities that finance similar types of projects. Analyzing the credit quality of the issuer, security-specific features, current and potential future valuation, and trading opportunities to select investments. Liquidating shortly after the fund's target end-date of June 30, 2023. Principal Investment Risks",{'source': 'MutualFundSummary/Fidelity Municipal Income 2023 Fund.txt'}
Fidelity Municipal Income 2025 Fund,Fixed Income Long Only (Low Risk),"Principal Investment Strategies

Normally investing at least 80% of assets in investment-grade municipal securities whose interest is exempt from federal income tax (but may be subject to the federal alternative minimum tax). Managing the fund to have similar overall interest rate risk compared to a customized municipal bond index representing Fidelity Management & Research Company (FMR)'s view of the performance of the fund’s competitive universe. Allocating assets across different market sectors and maturities. Potentially investing more than 25% of total assets in municipal securities that finance similar types of projects. Analyzing the credit quality of the issuer, security-specific features, current and potential future valuation, and trading opportunities to select investments. Liquidating shortly after the fund's target end-date of June 30, 2025. Principal Investment Risks",{'source': 'MutualFundSummary/Fidelity Municipal Income 2025 Fund.txt'}
Fidelity Series Corporate Bond Fund,Fixed Income Long Only (Low Risk),"Normally investing at least 80% of assets in investment-grade corporate bonds and other corporate debt securities and repurchase agreements for those securities. Managing the fund to have similar overall interest rate risk to the Bloomberg Barclays U.S. Credit Bond Index. Investing in domestic and foreign issuers. Analyzing the credit quality of the issuer, security-specific features, current and potential future valuation, and trading opportunities to select investments. Investing in lower-quality debt securities (those of less than investment-grade quality, also referred to as high yield debt securities or junk bonds). Engaging in transactions that have a leveraging effect on the fund, including investments in derivatives - such as swaps (interest rate, total return, and credit default), options, and futures contracts - and forward-settling securities, to adjust the fund's risk exposure. Investing in Fidelity's central funds (specialized investment vehicles used by Fidelity® funds",{'source': 'MutualFundSummary/Fidelity Series Corporate Bond Fund.txt'}
Fidelity Series Opportunistic Insights Fund,Equity Long Only (Low Risk),"Fidelity Series Opportunistic Insights Fund <head_breaker>

Fund Summary

Fund: Fidelity速 Series Opportunistic Insights Fund Investment Objective

The fund seeks capital appreciation.

Fee Table

The following table describes the fees and expenses that may be incurred when you buy and hold shares of the fund.

Shareholder fees

(fees paid directly from your investment) 	None Annual Operating Expenses

(expenses that you pay each year as a % of the value of your investment)

Management fee(a) 	 	None Distribution and/or Service (12b-1) fees 	 	None Other expenses(a) 	 	0.00% Total annual operating expenses(a) 	 	0.00% (a)   Adjusted to reflect current fees.

This example helps compare the cost of investing in the fund with the cost of investing in other funds.",{'source': 'MutualFundSummary/Fidelity Series Opportunistic Insights Fund.txt'}
Fidelity Series Short-Term Credit Fund,Fixed Income Long Only (Low Risk),"Fidelity Series Short

Term Credit Fund

<head_breaker>

Fund Summary

Fund:

Fidelity速 Series Short

Term Credit Fund

Investment Objective

The fund seeks to obtain a high level of current income consistent with the preservation of capital.

Fee Table

The following table describes the fees and expenses that may be incurred when you buy and hold shares of the fund.

Shareholder fees

(fees paid directly from your investment) 	None Annual Operating Expenses

(expenses that you pay each year as a % of the value of your investment)

Management fee 	 	None Distribution and/or Service (12b-1) fees 	 	None Other expenses 	 	0.00% Total annual operating expenses 	 	0.00% This example helps compare the cost of investing in the fund with the cost of investing in other funds.",{'source': 'MutualFundSummary/Fidelity Series Short-Term Credit Fund.txt'}
Fidelity Simplicity RMD 2005 Fund,Balanced Fund (Low Risk),"Fidelity Simplicity RMD 2005 Fund <head_breaker>

Fund Summary

Fund/Class: Fidelity Simplicity RMD 2005 Fund℠/Fidelity Simplicity RMD 2005 Fund℠

Investment Objective

The fund seeks total return until its horizon date through a combination of current income and capital growth. Thereafter, the fund’s objective will be to seek high current income and, as a secondary objective, capital appreciation.

Fee Table

The following table describes the fees and expenses that may be incurred when you buy and hold shares of the fund.

Shareholder fees

(fees paid directly from your investment) 	None Annual Operating Expenses

(expenses that you pay each year as a % of the value of your investment)

Management fee(a) 	 	0.48% Distribution and/or Service (12b-1) fees 	 	None Other expenses(a) 	 	0.00% Total annual operating expenses(a) 	 	0.48% (a)   Adjusted to reflect current fees.",{'source': 'MutualFundSummary/Fidelity Simplicity RMD 2005 Fund.txt'}
Fidelity Simplicity RMD 2010 Fund,Balanced Fund (Low Risk),"Fidelity Simplicity RMD 2010 Fund <head_breaker>

Fund Summary

Fund/Class: Fidelity Simplicity RMD 2010 Fund℠/Fidelity Simplicity RMD 2010 Fund℠

Investment Objective

The fund seeks total return until its horizon date through a combination of current income and capital growth. Thereafter, the fund’s objective will be to seek high current income and, as a secondary objective, capital appreciation.

Fee Table

The following table describes the fees and expenses that may be incurred when you buy and hold shares of the fund.

Shareholder fees

(fees paid directly from your investment) 	None Annual Operating Expenses

(expenses that you pay each year as a % of the value of your investment)

Management fee(a) 	 	0.53% Distribution and/or Service (12b-1) fees 	 	None Other expenses(a) 	 	0.00% Total annual operating expenses(a) 	 	0.53% (a)   Adjusted to reflect current fees.",{'source': 'MutualFundSummary/Fidelity Simplicity RMD 2010 Fund.txt'}
Fidelity Simplicity RMD 2015 Fund,Balanced Fund (Low Risk),"Fidelity Simplicity RMD 2015 Fund <head_breaker>

Fund Summary

Fund/Class: Fidelity Simplicity RMD 2015 Fund℠/Fidelity Simplicity RMD 2015 Fund℠

Investment Objective

The fund seeks total return until its horizon date through a combination of current income and capital growth. Thereafter, the fund’s objective will be to seek high current income and, as a secondary objective, capital appreciation.

Fee Table

The following table describes the fees and expenses that may be incurred when you buy and hold shares of the fund.

Shareholder fees

(fees paid directly from your investment) 	None Annual Operating Expenses

(expenses that you pay each year as a % of the value of your investment)

Management fee(a) 	 	0.57% Distribution and/or Service (12b-1) fees 	 	None Other expenses(a) 	 	0.00% Total annual operating expenses(a) 	 	0.57% (a)   Adjusted to reflect current fees.",{'source': 'MutualFundSummary/Fidelity Simplicity RMD 2015 Fund.txt'}
Fidelity Simplicity RMD 2020 Fund,Balanced Fund (Low Risk),"Fidelity Simplicity RMD 2020 Fund <head_breaker>

Fund Summary

Fund/Class: Fidelity Simplicity RMD 2020 Fund℠/Fidelity Simplicity RMD 2020 Fund℠

Investment Objective

The fund seeks total return until its horizon date through a combination of current income and capital growth. Thereafter, the fund’s objective will be to seek high current income and, as a secondary objective, capital appreciation.

Fee Table

The following table describes the fees and expenses that may be incurred when you buy and hold shares of the fund.

Shareholder fees

(fees paid directly from your investment) 	None Annual Operating Expenses

(expenses that you pay each year as a % of the value of your investment)

Management fee(a) 	 	0.61% Distribution and/or Service (12b-1) fees 	 	None Other expenses(a) 	 	0.00% Total annual operating expenses(a) 	 	0.61% (a)   Adjusted to reflect current fees.",{'source': 'MutualFundSummary/Fidelity Simplicity RMD 2020 Fund.txt'}
Fidelity Simplicity RMD Income Fund,Balanced Fund (Low Risk),"Fidelity Simplicity RMD Income Fund <head_breaker>

Fund Summary

Fund/Class: Fidelity Simplicity RMD Income Fund℠/Fidelity Simplicity RMD Income Fund℠

Investment Objective

The fund seeks high current income and, as a secondary objective, capital appreciation.

Fee Table

The following table describes the fees and expenses that may be incurred when you buy and hold shares of the fund.

Shareholder fees

(fees paid directly from your investment) 	None Annual Operating Expenses

(expenses that you pay each year as a % of the value of your investment)

Management fee(a) 	 	0.47% Distribution and/or Service (12b-1) fees 	 	None Other expenses(a) 	 	0.00% Total annual operating expenses(a) 	 	0.47% (a)   Adjusted to reflect current fees.

This example helps compare the cost of investing in the fund with the cost of investing in other funds. The example assumes that you are not participating in the Fidelity® systematic withdrawal plan.",{'source': 'MutualFundSummary/Fidelity Simplicity RMD Income Fund.txt'}
Fidelity ZERO Extended Market Index Fund,Equity Long Only (Low Risk),"Fidelity ZERO Extended Market Index Fund <head_breaker>

Fund Summary

Fund: Fidelity ZERO℠ Extended Market Index Fund Investment Objective

The fund seeks to provide investment results that correspond to the total return of stocks of mid- to small-capitalization U.S. companies.

Fee Table

The following table describes the fees and expenses that may be incurred when you buy and hold shares of the fund.

Shareholder fees

(fees paid directly from your investment) 	None Annual Operating Expenses

(expenses that you pay each year as a % of the value of your investment)

Management fee 	 	0.00% Distribution and/or Service (12b-1) fees 	 	None Other expenses(a) 	 	0.00% Total annual operating expenses 	 	0.00% (a)  Based on estimated amounts for the current fiscal year.

This example helps compare the cost of investing in the fund with the cost of investing in other funds.",{'source': 'MutualFundSummary/Fidelity ZERO Extended Market Index Fund.txt'}
Fidelity ZERO Large Cap Index Fund,Equity Long Only (Low Risk),"Fidelity ZERO Large Cap Index Fund <head_breaker>

Fund Summary

Fund: Fidelity ZERO℠ Large Cap Index Fund Investment Objective

The fund seeks to provide investment results that correspond to the total return of stocks of large-capitalization U.S. companies.

Fee Table

The following table describes the fees and expenses that may be incurred when you buy and hold shares of the fund.

Shareholder fees

(fees paid directly from your investment) 	None Annual Operating Expenses

(expenses that you pay each year as a % of the value of your investment)

Management fee  	 	0.00% Distribution and/or Service (12b-1) fees 	 	None Other expenses(a) 	 	0.00% Total annual operating expenses 	 	0.00% (a)  Based on estimated amounts for the current fiscal year.

This example helps compare the cost of investing in the fund with the cost of investing in other funds.",{'source': 'MutualFundSummary/Fidelity ZERO Large Cap Index Fund.txt'}
FOCUSED INTERNATIONAL GROWTH FUND,Equity Long Only (Low Risk),"The fund invests primarily in securities of companies located in at least three developed countries world-wide (excluding the United States). The fund may also invest in emerging market countries. The fund generally invests in common stock and other equity securities that are denominated in foreign currencies. The portfolio managers look for stocks of companies they believe will increase in value over time, using an investment strategy developed by the fund’s investment advisor. In implementing this strategy, the portfolio managers make their investment decisions based primarily on their analysis of individual companies, rather than on broad economic forecasts. Management of the fund is based on the belief that, over the long term, stock price movements follow growth in earnings, revenues and/or cash flow. The portfolio managers use a variety of analytical research tools and techniques to help them buy and hold stocks of companies that meet their investment criteria and sell the",{'source': 'MutualFundSummary/FOCUSED INTERNATIONAL GROWTH FUND.txt'}
Franklin FTSE Asia ex Japan ETF,Equity Long Only (Low Risk),"Franklin FTSE Asia ex Japan ETF <head_breaker>

Franklin FTSE Asia ex Japan ETF

Investment Goal

To seek to provide investment results that closely correspond, before fees and expenses, to the performance of the FTSE Asia ex Japan RIC Capped Index (the FTSE Asia ex Japan Capped Index).

Fees and Expenses of the Fund

The following table describes the fees and expenses that you will incur if you own shares of the Fund. You may also incur usual and customary brokerage commissions when buying or selling shares of the Fund, which are not reflected in the Example that follows.

Annual Fund Operating Expenses

(expenses that you pay each year as a percentage of the value of your investment)

Management fees 	0.19% Distribution and service (12b-1) fees 	None Other expenses1 	None Total annual Fund operating expenses 	0.19% 1. Other expenses are based on estimated amounts for the current fiscal year.

Example",{'source': 'MutualFundSummary/Franklin FTSE Asia ex Japan ETF.txt'}
Franklin FTSE Australia ETF,Balanced Fund (Low Risk),"Franklin FTSE Australia ETF

<head_breaker>

Franklin FTSE Australia ETF

Investment Goal

To seek to provide investment results that closely correspond, before fees and expenses, to the performance of the FTSE Australia RIC Capped Index (the FTSE Australia Capped Index).

Fees and Expenses of the Fund

The following table describes the fees and expenses that you will incur if you own shares of the Fund. You may also incur usual and customary brokerage commissions when buying or selling shares of the Fund, which are not reflected in the Example that follows.

Annual Fund Operating Expenses

(expenses that you pay each year as a percentage of the value of your investment)

Management fees 	0.09% Distribution and service (12b-1) fees 	None Other expenses1 	None Total annual Fund operating expenses 	0.09% 1. Other expenses are based on estimated amounts for the current fiscal year.

Example",{'source': 'MutualFundSummary/Franklin FTSE Australia ETF.txt'}
Franklin FTSE Brazil ETF,Equity Long Only (Low Risk),"Franklin FTSE Brazil ETF

<head_breaker>

Franklin FTSE Brazil ETF

Investment Goal

To seek to provide investment results that closely correspond, before fees and expenses, to the performance of the FTSE Brazil RIC Capped Index (the FTSE Brazil Capped Index).

Fees and Expenses of the Fund

The following table describes the fees and expenses that you will incur if you own shares of the Fund. You may also incur usual and customary brokerage commissions when buying or selling shares of the Fund, which are not reflected in the Example that follows.

Annual Fund Operating Expenses

(expenses that you pay each year as a percentage of the value of your investment)

Management fees 	0.19% Distribution and service (12b-1) fees 	None Other expenses1 	None Total annual Fund operating expenses 	0.19% 1. Other expenses are based on estimated amounts for the current fiscal year.

Example",{'source': 'MutualFundSummary/Franklin FTSE Brazil ETF.txt'}
Franklin FTSE Canada ETF,Balanced Fund (Low Risk),"Franklin FTSE Canada ETF

<head_breaker>

Franklin FTSE Canada ETF

Investment Goal

To seek to provide investment results that closely correspond, before fees and expenses, to the performance of the FTSE Canada RIC Capped Index (the FTSE Canada Capped Index).

Fees and Expenses of the Fund

The following table describes the fees and expenses that you will incur if you own shares of the Fund. You may also incur usual and customary brokerage commissions when buying or selling shares of the Fund, which are not reflected in the Example that follows.

Annual Fund Operating Expenses

(expenses that you pay each year as a percentage of the value of your investment)

Management fees 	0.09% Distribution and service (12b-1) fees 	None Other expenses1 	None Total annual Fund operating expenses 	0.09% 1. Other expenses are based on estimated amounts for the current fiscal year.

Example",{'source': 'MutualFundSummary/Franklin FTSE Canada ETF.txt'}
Franklin FTSE China ETF,Equity Long Only (Low Risk),"Franklin FTSE China ETF

<head_breaker>

Franklin FTSE China ETF

Investment Goal

To seek to provide investment results that closely correspond, before fees and expenses, to the performance of the FTSE China RIC Capped Index (the FTSE China Capped Index).

Fees and Expenses of the Fund

The following table describes the fees and expenses that you will incur if you own shares of the Fund. You may also incur usual and customary brokerage commissions when buying or selling shares of the Fund, which are not reflected in the Example that follows.

Annual Fund Operating Expenses

(expenses that you pay each year as a percentage of the value of your investment)

Management fees 	0.19% Distribution and service (12b-1) fees 	None Other expenses1 	None Total annual Fund operating expenses 	0.19% 1. Other expenses are based on estimated amounts for the current fiscal year.

Example",{'source': 'MutualFundSummary/Franklin FTSE China ETF.txt'}
Franklin FTSE Europe Hedged ETF,Balanced Fund (Low Risk),"Franklin FTSE Europe Hedged ETF <head_breaker>

Franklin FTSE Europe Hedged ETF

Investment Goal

To seek to provide investment results that closely correspond, before fees and expenses, to the performance of the FTSE Developed Europe RIC Capped Hedged to USD Index (the FTSE Developed Europe Capped Hedged Index).

Fees and Expenses of the Fund

The following table describes the fees and expenses that you will incur if you own shares of the Fund. You may also incur usual and customary brokerage commissions when buying or selling shares of the Fund, which are not reflected in the Example that follows.

Annual Fund Operating Expenses

(expenses that you pay each year as a percentage of the value of your investment)

Management fees 	0.09% Distribution and service (12b-1) fees 	None Other expenses1 	None Total annual Fund operating expenses 	0.09% 1. Other expenses are based on estimated amounts for the current fiscal year.

Example",{'source': 'MutualFundSummary/Franklin FTSE Europe Hedged ETF.txt'}
Franklin FTSE Europe ETF,Equity Long Only (Low Risk),"Franklin FTSE Europe ETF

<head_breaker>

Franklin FTSE Europe ETF

Investment Goal

To seek to provide investment results that closely correspond, before fees and expenses, to the performance of the FTSE Developed Europe RIC Capped Index (the FTSE Developed Europe Capped Index).

Fees and Expenses of the Fund

The following table describes the fees and expenses that you will incur if you own shares of the Fund. You may also incur usual and customary brokerage commissions when buying or selling shares of the Fund, which are not reflected in the Example that follows.

Annual Fund Operating Expenses

(expenses that you pay each year as a percentage of the value of your investment)

Management fees 	0.09% Distribution and service (12b-1) fees 	None Other expenses1 	None Total annual Fund operating expenses 	0.09% 1. Other expenses are based on estimated amounts for the current fiscal year.

Example",{'source': 'MutualFundSummary/Franklin FTSE Europe ETF.txt'}
Franklin FTSE France ETF,Balanced Fund (Low Risk),"Franklin FTSE France ETF

<head_breaker>

Franklin FTSE France ETF

Investment Goal

To seek to provide investment results that closely correspond, before fees and expenses, to the performance of the FTSE France RIC Capped Index (the FTSE France Capped Index).

Fees and Expenses of the Fund

The following table describes the fees and expenses that you will incur if you own shares of the Fund. You may also incur usual and customary brokerage commissions when buying or selling shares of the Fund, which are not reflected in the Example that follows.

Annual Fund Operating Expenses

(expenses that you pay each year as a percentage of the value of your investment)

Management fees 	0.09% Distribution and service (12b-1) fees 	None Other expenses1 	None Total annual Fund operating expenses 	0.09% 1. Other expenses are based on estimated amounts for the current fiscal year.

Example",{'source': 'MutualFundSummary/Franklin FTSE France ETF.txt'}
Franklin FTSE Germany ETF,Equity Long Only (Low Risk),"Franklin FTSE Germany ETF

<head_breaker>

Franklin FTSE Germany ETF

Investment Goal

To seek to provide investment results that closely correspond, before fees and expenses, to the performance of the FTSE Germany RIC Capped Index (the FTSE Germany Capped Index).

Fees and Expenses of the Fund

The following table describes the fees and expenses that you will incur if you own shares of the Fund. You may also incur usual and customary brokerage commissions when buying or selling shares of the Fund, which are not reflected in the Example that follows.

Annual Fund Operating Expenses

(expenses that you pay each year as a percentage of the value of your investment)

Management fees 	0.09% Distribution and service (12b-1) fees 	None Other expenses1 	None Total annual Fund operating expenses 	0.09% 1. Other expenses are based on estimated amounts for the current fiscal year.

Example",{'source': 'MutualFundSummary/Franklin FTSE Germany ETF.txt'}
Franklin FTSE Hong Kong ETF,Balanced Fund (Low Risk),"Franklin FTSE Hong Kong ETF <head_breaker>

Franklin FTSE Hong Kong ETF

Investment Goal

To seek to provide investment results that closely correspond, before fees and expenses, to the performance of FTSE Hong Kong RIC Capped Index (the FTSE Hong Kong Capped Index).

Fees and Expenses of the Fund

The following table describes the fees and expenses that you will incur if you own shares of the Fund. You may also incur usual and customary brokerage commissions when buying or selling shares of the Fund, which are not reflected in the Example that follows.

Annual Fund Operating Expenses

(expenses that you pay each year as a percentage of the value of your investment)

Management fees 	0.09% Distribution and service (12b-1) fees 	None Other expenses1 	None Total annual Fund operating expenses 	0.09% 1. Other expenses are based on estimated amounts for the current fiscal year.

Example",{'source': 'MutualFundSummary/Franklin FTSE Hong Kong ETF.txt'}
Franklin FTSE India ETF,Equity Long Only (Low Risk),"Franklin FTSE India ETF

<head_breaker>

Franklin FTSE India ETF

Investment Goal

To seek to provide investment results that closely correspond, before fees and expenses, to the performance of the FTSE India RIC Capped Index (the FTSE India Capped Index).

Fees and Expenses of the Fund

The following table describes the fees and expenses that you will incur if you own shares of the Fund. You may also incur usual and customary brokerage commissions when buying or selling shares of the Fund, which are not reflected in the Example that follows.

Annual Fund Operating Expenses

(expenses that you pay each year as a percentage of the value of your investment)

Management fees 	0.19% Distribution and service (12b-1) fees 	None Other expenses1 	None Total annual Fund operating expenses 	0.19% 1. Other expenses are based on estimated amounts for the current fiscal year.

Example",{'source': 'MutualFundSummary/Franklin FTSE India ETF.txt'}
Franklin FTSE Japan ETF,Equity Long Only (Low Risk),"Franklin FTSE Japan ETF

<head_breaker>

Franklin FTSE Japan ETF

Investment Goal

To seek to provide investment results that closely correspond, before fees and expenses, to the performance of the FTSE Japan RIC Capped Index (the FTSE Japan Capped Index).

Fees and Expenses of the Fund

The following table describes the fees and expenses that you will incur if you own shares of the Fund. You may also incur usual and customary brokerage commissions when buying or selling shares of the Fund, which are not reflected in the Example that follows.

Annual Fund Operating Expenses

(expenses that you pay each year as a percentage of the value of your investment)

Management fees 	0.09% Distribution and service (12b-1) fees 	None Other expenses1 	None Total annual Fund operating expenses 	0.09% 1. Other expenses are based on estimated amounts for the current fiscal year.

Example",{'source': 'MutualFundSummary/Franklin FTSE Japan ETF.txt'}
Franklin FTSE Italy ETF,Equity Long Only (Low Risk),"Franklin FTSE Italy ETF

<head_breaker>

Franklin FTSE Italy ETF

Investment Goal

To seek to provide investment results that closely correspond, before fees and expenses, to the performance of the FTSE Italy RIC Capped Index (the FTSE Italy Capped Index).

Fees and Expenses of the Fund

The following table describes the fees and expenses that you will incur if you own shares of the Fund. You may also incur usual and customary brokerage commissions when buying or selling shares of the Fund, which are not reflected in the Example that follows.

Annual Fund Operating Expenses

(expenses that you pay each year as a percentage of the value of your investment)

Management fees 	0.09% Distribution and service (12b-1) fees 	None Other expenses1 	None Total annual Fund operating expenses 	0.09% 1. Other expenses are based on estimated amounts for the current fiscal year.

Example",{'source': 'MutualFundSummary/Franklin FTSE Italy ETF.txt'}
Franklin FTSE Japan Hedged ETF,Balanced Fund (Low Risk),"Franklin FTSE Japan Hedged ETF <head_breaker>

Franklin FTSE Japan Hedged ETF

Investment Goal

To seek to provide investment results that closely correspond, before fees and expenses, to the performance of the FTSE Japan RIC Capped Hedged to USD Index (the FTSE Japan Capped Hedged Index).

Fees and Expenses of the Fund

The following table describes the fees and expenses that you will incur if you own shares of the Fund. You may also incur usual and customary brokerage commissions when buying or selling shares of the Fund, which are not reflected in the Example that follows.

Annual Fund Operating Expenses

(expenses that you pay each year as a percentage of the value of your investment)

Management fees 	0.09% Distribution and service (12b-1) fees 	None Other expenses1 	None Total annual Fund operating expenses 	0.09% 1. Other expenses are based on estimated amounts for the current fiscal year.

Example",{'source': 'MutualFundSummary/Franklin FTSE Japan Hedged ETF.txt'}
Franklin FTSE Mexico ETF,Equity Long Only (Low Risk),"Franklin FTSE Mexico ETF

<head_breaker>

Franklin FTSE Mexico ETF

Investment Goal

To seek to provide investment results that closely correspond, before fees and expenses, to the performance of the FTSE Mexico RIC Capped Index (the FTSE Mexico Capped Index).

Fees and Expenses of the Fund

The following table describes the fees and expenses that you will incur if you own shares of the Fund. You may also incur usual and customary brokerage commissions when buying or selling shares of the Fund, which are not reflected in the Example that follows.

Annual Fund Operating Expenses

(expenses that you pay each year as a percentage of the value of your investment)

Management fees 	0.19% Distribution and service (12b-1) fees 	None Other expenses1 	None Total annual Fund operating expenses 	0.19% 1. Other expenses are based on estimated amounts for the current fiscal year.

Example",{'source': 'MutualFundSummary/Franklin FTSE Mexico ETF.txt'}
Franklin FTSE Russia ETF,Equity Long Only (Low Risk),"Franklin FTSE Russia ETF

<head_breaker>

Franklin FTSE Russia ETF

Investment Goal

To seek to provide investment results that closely correspond, before fees and expenses, to the performance of the FTSE Russia RIC Capped Index (the FTSE Russia Capped Index).

Fees and Expenses of the Fund

The following table describes the fees and expenses that you will incur if you own shares of the Fund. You may also incur usual and customary brokerage commissions when buying or selling shares of the Fund, which are not reflected in the Example that follows.

Annual Fund Operating Expenses

(expenses that you pay each year as a percentage of the value of your investment)

Management fees 	0.19% Distribution and service (12b-1) fees 	None Other expenses1 	None Total annual Fund operating expenses 	0.19% 1. Other expenses are based on estimated amounts for the current fiscal year.

Example",{'source': 'MutualFundSummary/Franklin FTSE Russia ETF.txt'}
Franklin FTSE South Korea ETF,Equity Long Only (Low Risk),"Franklin FTSE South Korea ETF <head_breaker>

Franklin FTSE South Korea ETF

Investment Goal

To seek to provide investment results that closely correspond, before fees and expenses, to the performance of the FTSE South Korea RIC Capped Index (the FTSE South Korea Capped Index).

Fees and Expenses of the Fund

The following table describes the fees and expenses that you will incur if you own shares of the Fund. You may also incur usual and customary brokerage commissions when buying or selling shares of the Fund, which are not reflected in the Example that follows.

Annual Fund Operating Expenses

(expenses that you pay each year as a percentage of the value of your investment)

Management fees 	0.09% Distribution and service (12b-1) fees 	None Other expenses1 	None Total annual Fund operating expenses 	0.09% 1. Other expenses are based on estimated amounts for the current fiscal year.

Example",{'source': 'MutualFundSummary/Franklin FTSE South Korea ETF.txt'}
Franklin FTSE Switzerland ETF,Balanced Fund (Low Risk),"Franklin FTSE Switzerland ETF

<head_breaker>

Franklin FTSE Switzerland ETF

Investment Goal

To seek to provide investment results that closely correspond, before fees and expenses, to the performance of the FTSE Switzerland RIC Capped Index (the FTSE Switzerland Capped Index).

Fees and Expenses of the Fund

The following table describes the fees and expenses that you will incur if you own shares of the Fund. You may also incur usual and customary brokerage commissions when buying or selling shares of the Fund, which are not reflected in the Example that follows.

Annual Fund Operating Expenses

(expenses that you pay each year as a percentage of the value of your investment)

Management fees 	0.09% Distribution and service (12b-1) fees 	None Other expenses1 	None Total annual Fund operating expenses 	0.09% 1. Other expenses are based on estimated amounts for the current fiscal year.

Example",{'source': 'MutualFundSummary/Franklin FTSE Switzerland ETF.txt'}
Franklin FTSE Taiwan ETF,Equity Long Only (Low Risk),"Franklin FTSE Taiwan ETF

<head_breaker>

Franklin FTSE Taiwan ETF

Investment Goal

To seek to provide investment results that closely correspond, before fees and expenses, to the performance of the FTSE Taiwan RIC Capped Index (the FTSE Taiwan Capped Index).

Fees and Expenses of the Fund

The following table describes the fees and expenses that you will incur if you own shares of the Fund. You may also incur usual and customary brokerage commissions when buying or selling shares of the Fund, which are not reflected in the Example that follows.

Annual Fund Operating Expenses

(expenses that you pay each year as a percentage of the value of your investment)

Management fees 	0.19% Distribution and service (12b-1) fees 	None Other expenses1 	None Total annual Fund operating expenses 	0.19% 1. Other expenses are based on estimated amounts for the current fiscal year.

Example",{'source': 'MutualFundSummary/Franklin FTSE Taiwan ETF.txt'}
Franklin FTSE United Kingdom ETF,Balanced Fund (Low Risk),"Franklin FTSE United Kingdom ETF <head_breaker>

Franklin FTSE United Kingdom ETF

Investment Goal

To seek to provide investment results that closely correspond, before fees and expenses, to the performance of the FTSE UK RIC Capped Index (the FTSE UK Capped Index).

Fees and Expenses of the Fund

The following table describes the fees and expenses that you will incur if you own shares of the Fund. You may also incur usual and customary brokerage commissions when buying or selling shares of the Fund, which are not reflected in the Example that follows.

Annual Fund Operating Expenses

(expenses that you pay each year as a percentage of the value of your investment)

Management fees 	0.09% Distribution and service (12b-1) fees 	None Other expenses1 	None Total annual Fund operating expenses 	0.09% 1. Other expenses are based on estimated amounts for the current fiscal year.

Example",{'source': 'MutualFundSummary/Franklin FTSE United Kingdom ETF.txt'}
Franklin Liberty Intermediate Municipal Opportunities ETF,Fixed Income Long Only (Low Risk),"Franklin Liberty Intermediate Municipal Opportunities ETF <head_breaker>

Franklin Liberty Intermediate Municipal Opportunities ETF

Investment Goal

A high level of current income that is exempt from federal income taxes.

Fees and Expenses of the Fund

The following table describes the fees and expenses that you will incur if you own shares of the Fund. You may also incur usual and customary brokerage commissions when buying or selling shares of the Fund, which are not reflected in the Example that follows.

Annual Fund Operating Expenses

(expenses that you pay each year as a percentage of the value of your investment)",{'source': 'MutualFundSummary/Franklin Liberty Intermediate Municipal Opportunities ETF.txt'}
Franklin Liberty International Opportunities ETF,Equity Long Only (Low Risk),"Franklin Liberty International Opportunities ETF <head_breaker>

Franklin Liberty International Opportunities ETF

Investment Goal

Long

term capital appreciation.

Fees and Expenses of the Fund

The following table describes the fees and expenses that you will incur if you own shares of the Fund. You may also incur usual and customary brokerage commissions when buying or selling shares of the Fund, which are not reflected in the Example that follows.

Annual Fund Operating Expenses

(expenses that you pay each year as a percentage of the value of your investment)",{'source': 'MutualFundSummary/Franklin Liberty International Opportunities ETF.txt'}
Franklin Liberty Investment Grade Corporate ETF,Fixed Income Long Only (Low Risk),"Franklin Liberty Investment Grade Corporate ETF <head_breaker>

Franklin Liberty Investment Grade Corporate ETF

Investment Goal

A high level of current income as is consistent with prudent investing, while seeking preservation of capital.

Fees and Expenses of the Fund

The following table describes the fees and expenses that you will incur if you own shares of the Fund. You may also incur usual and customary brokerage commissions when buying or selling shares of the Fund, which are not reflected in the Example that follows.

Annual Fund Operating Expenses

(expenses that you pay each year as a percentage of the value of your investment)",{'source': 'MutualFundSummary/Franklin Liberty Investment Grade Corporate ETF.txt'}
Franklin Liberty Municipal Bond ETF,Fixed Income Long Only (Low Risk),"Franklin Liberty Municipal Bond ETF <head_breaker>

Franklin Liberty Municipal Bond ETF

Investment Goal

A high level of current income that is exempt from federal income taxes.

Fees and Expenses of the Fund

The following table describes the fees and expenses that you will incur if you own shares of the Fund. You may also incur usual and customary brokerage commissions when buying or selling shares of the Fund, which are not reflected in the Example that follows.

Annual Fund Operating Expenses

(expenses that you pay each year as a percentage of the value of your investment)",{'source': 'MutualFundSummary/Franklin Liberty Municipal Bond ETF.txt'}
Franklin Liberty U.S. Low Volatility ETF,Balanced Fund (Low Risk),"Franklin Liberty U.S. Low Volatility ETF <head_breaker>

Fund Summaries

Franklin Liberty U.S. Low Volatility ETF

Investment Goal

Capital appreciation with an emphasis on lower volatility.

Fees and Expenses of the Fund

The following table describes the fees and expenses that you will incur if you own shares of the Fund. You may also incur usual and customary brokerage commissions when buying or selling shares of the Fund, which are not reflected in the Example that follows.

Annual Fund Operating Expenses

(expenses that you pay each year as a percentage of the value of your investment)",{'source': 'MutualFundSummary/Franklin Liberty U.S. Low Volatility ETF.txt'}
Franklin LibertyQ Emerging Markets ETF,Equity Long Only (Low Risk),"Franklin LibertyQ Emerging Markets ETF <head_breaker>

Franklin LibertyQ Emerging Markets ETF

Investment Goal

To seek to provide investment results that closely correspond, before fees and expenses, to the performance of the LibertyQ Emerging Markets Index (the Emerging Markets Underlying Index).

Fees and Expenses of the Fund

The following table describes the fees and expenses that you will incur if you own shares of the Fund. You may also incur usual and customary brokerage commissions when buying or selling shares of the Fund, which are not reflected in the Example that follows.

Annual Fund Operating Expenses

(expenses that you pay each year as a percentage of the value of your investment)

Management fees 	0.55% Distribution and service (12b-1) fees 	None Other expenses1 	None Total annual Fund operating expenses1 	0.55% 1. Expenses have been restated to reflect current fees.

Example",{'source': 'MutualFundSummary/Franklin LibertyQ Emerging Markets ETF.txt'}
Franklin LibertyQ Global Dividend ETF,Equity Long Only (Low Risk),"Franklin LibertyQ Global Dividend ETF <head_breaker>

Franklin LibertyQ Global Dividend ETF

Investment Goal

To seek to provide investment results that closely correspond, before fees and expenses, to the performance of the LibertyQ Global Dividend Index (the Global Dividend Underlying Index).

Fees and Expenses of the Fund

The following table describes the fees and expenses that you will incur if you own shares of the Fund. You may also incur usual and customary brokerage commissions when buying or selling shares of the Fund, which are not reflected in the Example that follows.

Annual Fund Operating Expenses

(expenses that you pay each year as a percentage of the value of your investment)

Management fees 	0.45% Distribution and service (12b-1) fees 	None Other expenses1 	None Total annual Fund operating expenses1 	0.45% 1. Expenses have been restated to reflect current fees.

Example",{'source': 'MutualFundSummary/Franklin LibertyQ Global Dividend ETF.txt'}
Franklin LibertyQ Global Equity ETF,Equity Long Only (Low Risk),"Franklin LibertyQ Global Equity ETF <head_breaker>

Franklin LibertyQ Global Equity ETF

Investment Goal

To seek to provide investment results that closely correspond, before fees and expenses, to the performance of the LibertyQ Global Equity Index (the Global Equity Underlying Index).

Fees and Expenses of the Fund

The following table describes the fees and expenses that you will incur if you own shares of the Fund. You may also incur usual and customary brokerage commissions when buying or selling shares of the Fund, which are not reflected in the Example that follows.

Annual Fund Operating Expenses

(expenses that you pay each year as a percentage of the value of your investment)

Management fees 	0.35% Distribution and service (12b-1) fees 	None Other expenses1 	None Total annual Fund operating expenses1 	0.35% 1. Expenses have been restated to reflect current fees.

Example",{'source': 'MutualFundSummary/Franklin LibertyQ Global Equity ETF.txt'}
Franklin LibertyQ International Equity Hedged ETF,Equity Long Only (Low Risk),"Franklin LibertyQ International Equity Hedged ETF <head_breaker>

Franklin LibertyQ International Equity Hedged ETF

Investment Goal

To seek to provide investment results that closely correspond, before fees and expenses, to the performance of the LibertyQ International Equity Hedged Index (the International Equity Hedged Underlying Index).

Fees and Expenses of the Fund

The following table describes the fees and expenses that you will incur if you own shares of the Fund. You may also incur usual and customary brokerage commissions when buying or selling shares of the Fund, which are not reflected in the Example that follows.

Annual Fund Operating Expenses

(expenses that you pay each year as a percentage of the value of your investment)

Management fees 	0.40% Distribution and service (12b-1) fees 	None Other expenses1 	None Total annual Fund operating expenses1 	0.40% 1. Expenses have been restated to reflect current fees.

Example",{'source': 'MutualFundSummary/Franklin LibertyQ International Equity Hedged ETF.txt'}
Franklin LibertyQ U.S. Equity ETF,Equity Long Only (Low Risk),"Franklin LibertyQ U.S. Equity ETF <head_breaker>

Franklin LibertyQ U.S. Equity ETF

Investment Goal

To seek to provide investment results that closely correspond, before fees and expenses, to the performance of the LibertyQ U.S. Large Cap Equity Index (the U.S. Large Cap Underlying Index).

Fees and Expenses of the Fund

The following table describes the fees and expenses that you will incur if you own shares of the Fund. You may also incur usual and customary brokerage commissions when buying or selling shares of the Fund, which are not reflected in the Example that follows.

Annual Fund Operating Expenses

(expenses that you pay each year as a percentage of the value of your investment)

Management fees 	0.25% Distribution and service (12b-1) fees 	None Other expenses1 	None Total annual Fund operating expenses1 	0.25% 1. Expenses have been restated to reflect current fees.

Example",{'source': 'MutualFundSummary/Franklin LibertyQ U.S. Equity ETF.txt'}
Franklin LibertyQ U.S. Mid Cap Equity ETF,Equity Long Only (Low Risk),"Franklin LibertyQ U.S. Mid Cap Equity ETF <head_breaker>

Franklin LibertyQ U.S. Mid Cap Equity ETF

Investment Goal

To seek to provide investment results that closely correspond, before fees and expenses, to the performance of the LibertyQ U.S. Mid Cap Equity Index (the U.S. Mid Cap Underlying Index).

Fees and Expenses of the Fund

The following table describes the fees and expenses that you will incur if you own shares of the Fund. You may also incur usual and customary brokerage commissions when buying or selling shares of the Fund, which are not reflected in the Example that follows.

Annual Fund Operating Expenses

(expenses that you pay each year as a percentage of the value of your investment)

Management fees 	0.30% Distribution and service (12b-1) fees 	None Other expenses1 	None Total annual Fund operating expenses1 	0.30% 1. Expenses have been restated to reflect current fees.

Example",{'source': 'MutualFundSummary/Franklin LibertyQ U.S. Mid Cap Equity ETF.txt'}
Franklin LibertyQ U.S. Small Cap Equity ETF,Equity Long Only (Low Risk),"Franklin LibertyQ U.S. Small Cap Equity ETF <head_breaker>

Franklin LibertyQ U.S. Small Cap Equity ETF

Investment Goal

To seek to provide investment results that closely correspond, before fees and expenses, to the performance of the LibertyQ U.S. Small Cap Equity Index (the U.S. Small Cap Underlying Index).

Fees and Expenses of the Fund

The following table describes the fees and expenses that you will incur if you own shares of the Fund. You may also incur usual and customary brokerage commissions when buying or selling shares of the Fund, which are not reflected in the Example that follows.

Annual Fund Operating Expenses

(expenses that you pay each year as a percentage of the value of your investment)

Management fees 	0.35% Distribution and service (12b-1) fees 	None Other expenses1 	None Total annual Fund operating expenses1 	0.35% 1. Expenses have been restated to reflect current fees.

Example",{'source': 'MutualFundSummary/Franklin LibertyQ U.S. Small Cap Equity ETF.txt'}
Franklin Payout 2018 Fund,Balanced Fund (Low Risk),"Franklin Payout 2018 Fund

<head_breaker>

Franklin Payout 2018 Fund

Investment Goal

To seek capital preservation and income with a pre-determined maturity date.

Fees and Expenses of the Fund

These tables describe the fees and expenses that you may pay if you buy and hold shares of the Fund.

Please note that the tables and examples below do not reflect any transaction fees that may be charged by financial intermediaries, or commissions that a shareholder may be required to pay directly to its financial intermediary when buying or selling Class R6 or Advisor Class shares.

Shareholder Fees (fees paid directly from your investment)

Class R6 	Advisor Class Maximum Sales Charge (Load) Imposed on Purchases (as percentage of offering price) 	None 	None Maximum Deferred Sales Charge (Load) (as percentage of the lower of original purchase price or sale proceeds) 	None 	None

Annual Fund Operating Expenses

(expenses that you pay each year as a percentage of the value of your investment)",{'source': 'MutualFundSummary/Franklin Payout 2018 Fund.txt'}
Franklin Payout 2019 Fund,Balanced Fund (Low Risk),"Franklin Payout 2019 Fund

<head_breaker>

Franklin Payout 2019 Fund

Investment Goal

To seek capital preservation and income with a pre-determined maturity date.

Fees and Expenses of the Fund

These tables describe the fees and expenses that you may pay if you buy and hold shares of the Fund.

Please note that the tables and examples below do not reflect any transaction fees that may be charged by financial intermediaries, or commissions that a shareholder may be required to pay directly to its financial intermediary when buying or selling Class R6 or Advisor Class shares.

Shareholder Fees (fees paid directly from your investment)

Class R6 	Advisor Class Maximum Sales Charge (Load) Imposed on Purchases (as percentage of offering price) 	None 	None Maximum Deferred Sales Charge (Load) (as percentage of the lower of original purchase price or sale proceeds) 	None 	None

Annual Fund Operating Expenses

(expenses that you pay each year as a percentage of the value of your investment)",{'source': 'MutualFundSummary/Franklin Payout 2019 Fund.txt'}
Franklin Payout 2020 Fund,Balanced Fund (Low Risk),"Franklin Payout 2020 Fund

<head_breaker>

Franklin Payout 2020 Fund

Investment Goal

To seek capital preservation and income with a pre-determined maturity date.

Fees and Expenses of the Fund

These tables describe the fees and expenses that you may pay if you buy and hold shares of the Fund.

Please note that the tables and examples below do not reflect any transaction fees that may be charged by financial intermediaries, or commissions that a shareholder may be required to pay directly to its financial intermediary when buying or selling Class R6 or Advisor Class shares.

Shareholder Fees (fees paid directly from your investment)

Class R6 	Advisor Class Maximum Sales Charge (Load) Imposed on Purchases (as percentage of offering price) 	None 	None Maximum Deferred Sales Charge (Load) (as percentage of the lower of original purchase price or sale proceeds) 	None 	None

Annual Fund Operating Expenses

(expenses that you pay each year as a percentage of the value of your investment)",{'source': 'MutualFundSummary/Franklin Payout 2020 Fund.txt'}
Franklin Payout 2021 Fund,Balanced Fund (Low Risk),"Franklin Payout 2021 Fund

<head_breaker>

Franklin Payout 2021 Fund

Investment Goal

To seek capital preservation and income with a pre-determined maturity date.

Fees and Expenses of the Fund

These tables describe the fees and expenses that you may pay if you buy and hold shares of the Fund.

Please note that the tables and examples below do not reflect any transaction fees that may be charged by financial intermediaries, or commissions that a shareholder may be required to pay directly to its financial intermediary when buying or selling Class R6 or Advisor Class shares.

Shareholder Fees (fees paid directly from your investment)

Class R6 	Advisor Class Maximum Sales Charge (Load) Imposed on Purchases (as percentage of offering price) 	None 	None Maximum Deferred Sales Charge (Load) (as percentage of the lower of original purchase price or sale proceeds) 	None 	None

Annual Fund Operating Expenses

(expenses that you pay each year as a percentage of the value of your investment)",{'source': 'MutualFundSummary/Franklin Payout 2021 Fund.txt'}
Franklin Payout 2023 Fund,Balanced Fund (Low Risk),"Franklin Payout 2023 Fund

<head_breaker>

Franklin Payout 2023 Fund

Investment Goal

To seek capital preservation and income with a pre-determined maturity date.

Fees and Expenses of the Fund

These tables describe the fees and expenses that you may pay if you buy and hold shares of the Fund.

Please note that the tables and examples below do not reflect any transaction fees that may be charged by financial intermediaries, or commissions that a shareholder may be required to pay directly to its financial intermediary when buying or selling Class R6 or Advisor Class shares.

Shareholder Fees (fees paid directly from your investment)

Class R6 	Advisor Class Maximum Sales Charge (Load) Imposed on Purchases (as percentage of offering price) 	None 	None Maximum Deferred Sales Charge (Load) (as percentage of the lower of original purchase price or sale proceeds) 	None 	None

Annual Fund Operating Expenses

(expenses that you pay each year as a percentage of the value of your investment)",{'source': 'MutualFundSummary/Franklin Payout 2023 Fund.txt'}
Franklin Payout 2022 Fund,Balanced Fund (Low Risk),"Franklin Payout 2022 Fund

<head_breaker>

Franklin Payout 2022 Fund

Investment Goal

To seek capital preservation and income with a pre-determined maturity date.

Fees and Expenses of the Fund

These tables describe the fees and expenses that you may pay if you buy and hold shares of the Fund.

Please note that the tables and examples below do not reflect any transaction fees that may be charged by financial intermediaries, or commissions that a shareholder may be required to pay directly to its financial intermediary when buying or selling Class R6 or Advisor Class shares.

Shareholder Fees (fees paid directly from your investment)

Class R6 	Advisor Class Maximum Sales Charge (Load) Imposed on Purchases (as percentage of offering price) 	None 	None Maximum Deferred Sales Charge (Load) (as percentage of the lower of original purchase price or sale proceeds) 	None 	None

Annual Fund Operating Expenses

(expenses that you pay each year as a percentage of the value of your investment)",{'source': 'MutualFundSummary/Franklin Payout 2022 Fund.txt'}
Global Balanced Fund,Balanced Fund (Low Risk),"Principal investment strategies As a balanced fund with global scope, the fund seeks to invest in equity and debt securities of companies around the world that offer the opportunity for growth and/or provide dividend income, while also constructing its portfolio to protect principal and limit volatility. The fund will allocate its assets among securities of companies domiciled in various countries, including the United States (but in no fewer than three countries). Under normal market conditions, the fund will invest significantly in issuers domiciled outside the United States (i.e., at least 40% of its net assets, unless market conditions are not deemed favorable by the fund’s investment adviser, in which case the fund would invest at least 30% of its net assets in issuers outside the United States).

The fund’s investments in issuers domiciled outside the United States may include securities of issuers domiciled in developing countries.",{'source': 'MutualFundSummary/Global Balanced Fund.txt'}
Global Bond Fund,Fixed Income Long Only (Low Risk),"Principal investment strategies Under normal market circumstances, the fund invests at least 80% of its assets in bonds and other debt securities, which may be represented by other investment instruments, including derivatives. The fund invests primarily in debt securities, including asset-backed and mortgage-backed securities and securities of governmental, supranational and corporate issuers denominated in various currencies, including U.S. dollars. As a fund that seeks to invest globally, the fund will allocate its assets among securities of companies domiciled in various countries, including the United States and countries with emerging markets (but in no fewer than three countries). Under normal market conditions, the fund will invest significantly in issuers domiciled outside the United States (i.e., at least 40% of its net assets, unless market conditions are not deemed favorable by the fund’s investment adviser, in which case the fund would invest at least 30% of its net",{'source': 'MutualFundSummary/Global Bond Fund.txt'}
GLOBAL GOLD FUND,Balanced Fund (Low Risk),"2

Principal Investment Strategies

Under normal market conditions, the fund invests at least 80% of its net assets in companies that are engaged in mining, processing, fabricating, distributing, exploring for or otherwise dealing in gold. The fund may change this 80% policy only upon 60 days’ prior written notice to shareholders. In selecting stocks for the fund, the portfolio managers use quantitative management techniques in a two-step process. First, the managers rank stocks from most attractive to least attractive based on an objective set of measures, including valuation, quality, and sentiment. Second, the portfolio managers use a quantitative model to build a portfolio of stocks from the ranking described above that they believe will provide the optimal balance between risk and expected return.",{'source': 'MutualFundSummary/GLOBAL GOLD FUND.txt'}
Global Growth and Income Fund,Equity Long Only (Low Risk),"Principal investment strategies The fund invests primarily in common stocks of well-established companies around the world, which the investment adviser believes have the potential for growth and/or to pay dividends. As a fund that seeks to invest globally, the fund will allocate its assets among securities of companies domiciled in various countries, including the United States and countries with emerging markets (but in no fewer than three countries). Under normal market conditions, the fund will invest significantly in issuers domiciled outside the United States (i.e., at least 40% of its net assets, unless market conditions are not deemed favorable by the fund’s investment adviser, in which case the fund would invest at least 30% of its net assets in issuers outside the United States).",{'source': 'MutualFundSummary/Global Growth and Income Fund.txt'}
Global Growth Fund,Equity Long Only (Low Risk),"Principal investment strategies The fund invests primarily in common stocks of companies around the world that the investment adviser believes have the potential for growth. As a fund that seeks to invest globally, the fund will allocate its assets among securities of companies domiciled in various countries, including the United States and countries with emerging markets (but in no fewer than three countries). Under normal market conditions, the fund will invest significantly in issuers domiciled outside the United States (i.e., at least 40% of its net assets, unless market conditions are not deemed favorable by the fund’s investment adviser, in which case the fund would invest at least 30% of its net assets in issuers outside the United States).",{'source': 'MutualFundSummary/Global Growth Fund.txt'}
GLOBAL SMALL CAP FUND,Equity Long Only (Low Risk),"#2#

Principal Investment Strategies

The fund will invest at least 80% of its net assets in securities issued by small cap companies. The portfolio managers consider small cap companies to include companies with market capitalizations not greater than that of the largest company on the MSCI ACWI Small Cap Index at the time of investment. As of January 31, 2018 , the total market capitalization of the largest company in the index was $13.1 billion.",{'source': 'MutualFundSummary/GLOBAL SMALL CAP FUND.txt'}
Global Small Capitalization Fund,Equity Long Only (Low Risk),"Principal investment strategies Normally, the fund invests at least 80% of its net assets in growth-oriented common stocks and other equity type securities of companies with small market capitalizations, measured at the time of purchase. However, the fund’s holdings of small capitalization stocks may fall below the 80% threshold due to subsequent market action. The investment adviser currently defines “small market capitalization” companies as companies with market capitalizations of $6.0 billion or less. The investment adviser has periodically re-evaluated and adjusted this definition and may continue to do so in the future. As a fund that seeks to invest globally, the fund will allocate its assets among securities of companies domiciled in various countries, including the United States and countries with emerging markets (but in no fewer than three countries). Under normal market conditions, the fund will invest significantly in issuers domiciled outside the United States (i.e., at",{'source': 'MutualFundSummary/Global Small Capitalization Fund.txt'}
Government Securities Fund,Balanced Fund (Low Risk),"Government Securities Fund

<head_breaker>",{'source': 'MutualFundSummary/Government Securities Fund.txt'}
Growth & Income Fund,Balanced Fund (Low Risk),"Growth & Income Fund

<head_breaker>",{'source': 'MutualFundSummary/Growth _ Income Fund.txt'}
Growth and Tax Strategy Fund,Balanced Fund (Low Risk),Growth and Tax Strategy Fund <head_breaker>,{'source': 'MutualFundSummary/Growth and Tax Strategy Fund.txt'}
Growth Fund,Equity Long Only (Low Risk),"believe call premiums are attractive relative to the price of the underlying security. Principal Risks • Growth Stocks – Investments in growth stocks may be more volatile than other stocks and the overall stock market. These stocks are typically priced higher than other stocks because of their growth potential, which may or may not be realized. • Style Risk – If at any time the market is not favoring the fund’s growth investment style, the fund’s gains may not be as big as, or its losses may be bigger than, those of other equity funds using different investment styles. • Market Risk – The value of the fund’s shares will go up and down based on the performance of the companies whose securities it owns and other factors generally affecting the securities market. • Price Volatility – The value of the fund’s shares may fluctuate significantly in the short term. • Foreign Securities – The fund may invest in foreign securities, which can be riskier than investing in U.S. securities.",{'source': 'MutualFundSummary/Growth Fund.txt'}
Growth-Income Fund,Balanced Fund (Low Risk),"Growth

Income Fund

<head_breaker>

Growth

Income Fund

Investment objectives The fund’s investment objectives are to achieve long-term growth of capital and income.

Fees and expenses of the fund This table describes the fees and expenses that you may pay if you buy and hold an interest in Class 1 shares of the fund. It does not reflect insurance contract fees and expenses. If insurance contract fees and expenses were reflected, expenses shown would be higher.

Annual fund operating expenses (expenses that you pay each year as a percentage of the value of your investment)	Class 1 Management fee	0.26% Other expenses	0.02 Total annual fund operating expenses	0.28 Example This example is intended to help you compare the cost of investing in Class 1 shares of the fund with the cost of investing in other mutual funds.",{'source': 'MutualFundSummary/Growth-Income Fund.txt'}
High Income Fund,Balanced Fund (Low Risk),"High Income Fund

<head_breaker>",{'source': 'MutualFundSummary/High Income Fund.txt'}
High-Income Bond Fund,Fixed Income Long Only (Low Risk),"Principal investment strategies The fund invests primarily in higher yielding and generally lower quality debt securities (rated Ba1 or below or BB+ or below by Nationally Recognized Statistical Rating Organizations designated by the fund’s investment adviser or unrated but determined by the fund’s investment adviser to be of equivalent quality), including corporate loan obligations. Such securities are sometimes referred to as “junk bonds” and may be represented by other investment instruments, including derivatives.",{'source': 'MutualFundSummary/High-Income Bond Fund.txt'}
HERITAGE FUND,Balanced Fund (Low Risk),"HERITAGE FUND

<head_breaker>

Fund Summary

Investment Objective

The fund seeks long-term capital growth.

Fees and Expenses

The following table describes the fees and expenses you may pay if you buy and hold shares of the fund. You may qualify for sales charge discounts if you and your family invest, or agree to invest in the future, at least $50,000 in American Century Investments funds. More information about these and other discounts is available from your financial professional and in Calculation of Sales Charges on page 13 of the fund’s prospectus, Appendix A of the fund’s prospectus and Sales Charges in Appendix B of the statement of additional information.

Shareholder Fees (fees paid directly from your investment)

Investor

I1

Y

A

C

R

R5

R6

Maximum Sales Charge (Load) Imposed on Purchases (as a percentage of offering price)

None

None

None

5.75%

None

None

None

None

Maximum Deferred Sales Charge (Load)",{'source': 'MutualFundSummary/HERITAGE FUND.txt'}
INCOME & GROWTH FUND,Equity Long Only (Low Risk),"INCOME & GROWTH FUND

<head_breaker>

Fund Summary

Investment Objective

The fund seeks long-term capital growth by investing in common stocks. Income is a secondary objective.

Fees and Expenses

The following table describes the fees and expenses you may pay if you buy and hold shares of the fund. You may qualify for sales charge discounts if you and your family invest, or agree to invest in the future, at least $50,000 in American Century Investments funds. More information about these and other discounts is available from your financial professional and in Calculation of Sales Charges on page 12 of the fund’s prospectus, Appendix A of the fund’s prospectus and Sales Charges in Appendix B of the statement of additional information.

Shareholder Fees (fees paid directly from your investment)

Investor

I1

A

C

R

R5

Maximum Sales Charge (Load) Imposed on

Purchases (as a percentage of offering price)

None

None

5.75%

None

None

None

Maximum Deferred Sales Charge (Load)",{'source': 'MutualFundSummary/INCOME _ GROWTH FUND.txt'}
Income Stock Fund,Balanced Fund (Low Risk),"Income Stock Fund

<head_breaker>",{'source': 'MutualFundSummary/Income Stock Fund.txt'}
INTERNATIONAL CORE EQUITY FUND,Balanced Fund (Low Risk),"2

Principal Investment Strategies

In selecting stocks for the fund, the portfolio managers select from publicly traded companies that are primarily located in developed countries, excluding the United States and Canada, that have characteristics similar to those of the companies that comprise the MSCI EAFE® (Europe, Australasia, Far East) Index. The managers use quantitative models in a two-step process to construct the portfolio of stocks for the fund. First, the portfolio managers rank stocks from most attractive to least attractive by using a quantitative model that combines measures that the portfolio managers believe are predictive of an individual stock performance, such as valuation, quality and sentiment. Second, the portfolio managers use a quantitative model to build a portfolio of stocks from the ranking described above that they believe will provide the optimal balance between risk and expected return.",{'source': 'MutualFundSummary/INTERNATIONAL CORE EQUITY FUND.txt'}
INTERNATIONAL DISCOVERY FUND,Equity Long Only (Low Risk),"INTERNATIONAL DISCOVERY FUND

<head_breaker>

Fund Summary

Investment Objective

The fund seeks capital growth.

Fees and Expenses

The following table describes the fees and expenses you may pay if you buy and hold shares of the fund. You may qualify for sales charge discounts if you and your family invest, or agree to invest in the future, at least $50,000 in American Century Investments funds. More information about these and other discounts is available from your financial professional and in Calculation of Sales Charges on page 13 of the fund’s prospectus, Appendix A of the fund’s prospectus and Sales Charges in Appendix B of the statement of additional information.

Shareholder Fees (fees paid directly from your investment)

Investor

I1

Y

A

C

R

Maximum Sales Charge (Load) Imposed

on Purchases (as a percentage of offering price)

None

None

None

5.75%

None

None",{'source': 'MutualFundSummary/INTERNATIONAL DISCOVERY FUND.txt'}
Intermediate-Term Bond Fund,Fixed Income Long Only (Low Risk),"Intermediate

Term Bond Fund

<head_breaker>",{'source': 'MutualFundSummary/Intermediate-Term Bond Fund.txt'}
International Fund,Equity Long Only (Low Risk),"American Funds Insurance Series / Prospectus     10

Principal risks

This section describes the principal risks associated with the fund’s principal investment strategies. You may lose money by investing in the fund. The likelihood of loss may be greater if you invest for a shorter period of time. Investors in the fund should have a long-term perspective and be able to tolerate potentially sharp declines in value.

Market conditions — The prices of, and the income generated by, the common stocks and other securities held by the fund may decline – sometimes rapidly or unpredictably – due to various factors, including events or conditions affecting the general economy or particular industries; overall market changes; local, regional or global political, social or economic instability; governmental or governmental agency responses to economic conditions; and currency exchange rate, interest rate and commodity price fluctuations.",{'source': 'MutualFundSummary/International Fund.txt'}
International Growth and Income Fund,Balanced Fund (Low Risk),"Principal investment strategies The fund invests primarily in stocks of larger, well-established companies domiciled outside the United States, including companies domiciled in developing countries, that the investment adviser believes have the potential for growth and/or to pay dividends. The fund currently intends to invest at least 90% of its assets in securities of issuers domiciled outside the United States and whose securities are primarily listed or traded on exchanges outside the United States.

The fund is designed for investors seeking both capital appreciation and income. In pursuing its objective, the fund focuses on stocks of companies with strong earnings that pay dividends. The fund’s investment adviser believes that these stocks may be more resistant to market declines than stocks of companies that do not pay dividends.",{'source': 'MutualFundSummary/International Growth and Income Fund.txt'}
INTERNATIONAL GROWTH FUND,Equity Long Only (Low Risk),"The fund invests primarily in securities of companies located in at least three developed countries world-wide (excluding the United States). The fund may also invest in emerging market countries. The portfolio managers look for stocks of companies they believe will increase in value over time, using an investment strategy developed by the fund’s investment advisor. In implementing this strategy, the portfolio managers make their investment decisions based primarily on their analysis of individual companies, rather than on broad economic forecasts. Management of the fund is based on the belief that, over the long term, stock price movements follow growth in earnings, revenues and/or cash flow. The portfolio managers use a variety of analytical research tools and techniques to help them buy or hold stocks of companies that meet their investment criteria and sell the stocks of companies that do not. Under normal market conditions, the fund’s portfolio managers seek securities of",{'source': 'MutualFundSummary/INTERNATIONAL GROWTH FUND.txt'}
INTERNATIONAL OPPORTUNITIES FUND,Balanced Fund (Low Risk),"The fund may engage in active and frequent trading of portfolio securities to achieve its principal investment strategies. This may cause higher transaction costs and may affect performance. It may also result in the realization and distribution of capital gains.

Principal Risks

Foreign Risk – Foreign securities are generally riskier than U.S. securities. Political events (such as civil unrest, national elections and imposition of exchange controls), social and economic events (such as labor strikes and rising inflation), and natural disasters occurring in a country where the fund invests could cause the fund’s investments in that country to experience gains or losses. Securities of foreign issuers may be less liquid, more volatile and harder to value than U.S. securities.",{'source': 'MutualFundSummary/INTERNATIONAL OPPORTUNITIES FUND.txt'}
INTERNATIONAL VALUE FUND,Equity Long Only (Low Risk),"#2#

Principal Investment Strategies

In selecting stocks for the fund, the portfolio managers will normally invest at least 80% of the value of the fund’s net assets in equity securities and at least 65% of net assets in securities of issuers from a minimum of three countries outside the United States that have characteristics similar to those of the companies that comprise the MSCI EAFE® Value Index. Characteristics the portfolio managers may consider include industry sector and geographic location, among others.

The MSCI EAFE Value Index is a market capitalization-weighted index that monitors the performance of value stocks from Europe, Australasia, and the Far East.",{'source': 'MutualFundSummary/INTERNATIONAL VALUE FUND.txt'}
Ivy Asset Strategy Fund,Balanced Fund (Low Risk),"Ivy Asset Strategy Fund

<head_breaker>

Ivy Asset Strategy Fund

Objective

To seek to provide total return.

Fees and Expenses

This table describes the fees and expenses that you may pay if you buy and hold shares of the Fund. You may qualify for sales charge discounts if you and your family invest, or agree to invest in the future, at least $50,000 in funds within the Ivy Funds and/or InvestEd Portfolios. More information about these and other discounts is available from your financial professional, as well as in the Sales Charge Reductions section on page 255 of the Fund’s prospectus, in the Purchase, Redemption and Pricing of Shares section on page 146 of the Fund’s statement of additional information (SAI) and in Appendix B — Intermediary Sales Charge Discounts and Waivers. The Fund’s Class B shares are not available for purchase by new or existing investors, but are available for dividend reinvestment and exchanges.

Shareholder Fees",{'source': 'MutualFundSummary/Ivy Asset Strategy Fund.txt'}
Ivy Balanced Fund,Balanced Fund (Low Risk),"Principal Investment Strategies

Ivy Balanced Fund seeks to achieve its objective by investing primarily in a diversified mix of stocks, debt securities and short-term instruments, depending on market conditions. Regarding its equity investments, the Fund invests primarily in medium to large, well-established companies, most of which pay a regular dividend, although it may invest in securities issued by companies of any size. The Fund invests at least 50% of its total assets in equity securities. The Fund typically holds a limited number of stocks (generally 45 to 55), with the objective of providing potential capital appreciation and some dividend income.",{'source': 'MutualFundSummary/Ivy Balanced Fund.txt'}
Ivy Core Equity Fund,Equity Long Only (Low Risk),"Principal Investment Strategies

Ivy Core Equity Fund seeks to achieve its objective by investing, under normal circumstances, at least 80% of its net assets in equity securities, primarily in common stocks of large-capitalization companies. The Fund seeks to invest in companies that IICO believes have a leading market position or sustainable competitive advantage in their industry. Large-capitalization companies typically are companies with market capitalizations of at least $10 billion at the time of acquisition. The Fund invests in securities that have the potential for capital appreciation, or that IICO expects to resist market decline. Although the Fund primarily invests in securities issued by large-capitalization companies, it may invest in securities issued by companies of any size. The Fund may invest in securities of companies across the valuation spectrum, including securities issued by growth and value companies.",{'source': 'MutualFundSummary/Ivy Core Equity Fund.txt'}
Ivy Emerging Markets Equity Fund,Equity Long Only (Low Risk),"Ivy Emerging Markets Equity Fund invests, under normal circumstances, at least 80% of its net assets in equity securities, primarily common stock, of companies (i) from countries considered to be emerging market countries or (ii) that are economically linked to emerging market countries. Emerging market countries include, but are not limited to, those considered to be developing by the International Monetary Fund, the World Bank, the International Finance Corporation or one of the leading global investment banks. IICO has broad discretion to identify other countries that it considers to qualify as emerging market countries. The majority of these countries are likely to be located in Asia, Latin America, the Middle East, Central and Eastern Europe, and Africa. The Fund may invest in companies of any size and market capitalization and in companies in any industry. The issuer of a security or other investment generally is deemed to be economically linked to a particular country if: (a)",{'source': 'MutualFundSummary/Ivy Emerging Markets Equity Fund.txt'}
Ivy Energy Fund,Equity Long Only (Low Risk),"Ivy Energy Fund

<head_breaker>

Ivy Energy Fund

Objective

To seek to provide capital growth and appreciation.

Fees and Expenses

This table describes the fees and expenses that you may pay if you buy and hold shares of the Fund. You may qualify for sales charge discounts if you and your family invest, or agree to invest in the future, at least $50,000 in funds within the Ivy Funds and/or InvestEd Portfolios. More information about these and other discounts is available from your financial professional, as well as in the Sales Charge Reductions section on page 255 of the Fund’s prospectus, in the Purchase, Redemption and Pricing of Shares section on page 146 of the Fund’s statement of additional information (SAI) and in Appendix B — Intermediary Sales Charge Discounts and Waivers. The Fund’s Class B shares are not available for purchase by new or existing investors, but are available for dividend reinvestment and exchanges.

Shareholder Fees",{'source': 'MutualFundSummary/Ivy Energy Fund.txt'}
Ivy Global Income Allocation Fund,Balanced Fund (Low Risk),"Ivy Global Income Allocation Fund <head_breaker>

Ivy Global Income Allocation Fund

Objective

To seek to provide total return through a combination of current income and capital appreciation.

Fees and Expenses",{'source': 'MutualFundSummary/Ivy Global Income Allocation Fund.txt'}
Ivy Global Equity Income Fund,Equity Long Only (Low Risk),"Principal Investment Strategies

Ivy Global Equity Income Fund invests in equity securities that are issued by companies of any size located largely in developed markets around the world, that IICO believes will be able to generate a reasonable level of current income for investors given current market conditions, and that demonstrate favorable prospects for total return. The Fund focuses on companies that IICO believes have the ability to maintain and/or grow their dividends while providing capital appreciation over the long-term. The Fund typically holds a limited number of stocks (generally 50 to 70).",{'source': 'MutualFundSummary/Ivy Global Equity Income Fund.txt'}
Ivy Global Growth Fund,Equity Long Only (Low Risk),"Ivy Global Growth Fund seeks to achieve its objective by investing primarily in common stocks of U.S. and foreign companies (including depositary receipts of foreign issuers) that IICO believes are competitively well-positioned, gaining market share, have the potential for long-term growth and/or operate in regions or countries that IICO believes possess attractive growth characteristics. The Fund primarily invests in issuers of developed countries, including the U.S., although the Fund has the ability to invest in issuers domiciled in or doing business in any country or region around the globe, including emerging markets. While the Fund primarily invests in securities issued by large-capitalization companies (typically, companies with market capitalizations of at least $10 billion at the time of acquisition), it may invest in securities issued by companies of any size, in a variety of sectors and industries. Under normal circumstances, the Fund invests at least 40% (or, if the",{'source': 'MutualFundSummary/Ivy Global Growth Fund.txt'}
Ivy European Opportunities Fund,Equity Long Only (Low Risk),"Principal Investment Strategies

Ivy European Opportunities Fund invests, under normal circumstances, at least 80% of its net assets in the equity securities of European companies. While the Fund tends to favor securities issued by large-capitalization European companies, it may invest in securities issued by European companies of any size that provide investment opportunities. The Fund typically invests in companies located in the more developed markets of Europe and may invest up to 100% of its total assets in foreign securities.",{'source': 'MutualFundSummary/Ivy European Opportunities Fund.txt'}
Ivy High Income Fund,Fixed Income Long Only (Low Risk),"Ivy High Income Fund

<head_breaker>

Ivy High Income Fund

Objective

To seek to provide total return through a combination of high current income and capital appreciation.

Fees and Expenses",{'source': 'MutualFundSummary/Ivy High Income Fund.txt'}
Ivy Large Cap Growth Fund,Equity Long Only (Low Risk),"Principal Investment Strategies

Ivy Large Cap Growth Fund seeks to achieve its objective by investing primarily in a diversified portfolio of common stocks issued by large-capitalization, growth-oriented companies with above-average levels of profitability and that IICO believes have the ability to sustain growth over the long term. Under normal circumstances, the Fund invests at least 80% of its net assets in large-capitalization companies, which typically are companies with market capitalizations of at least $10 billion at the time of acquisition. Growth-oriented companies are those whose earnings IICO believes are likely to grow faster than the economy.",{'source': 'MutualFundSummary/Ivy Large Cap Growth Fund.txt'}
Ivy Limited-Term Bond Fund,Fixed Income Long Only (Low Risk),"Principal Investment Strategies

Ivy Limited-Term Bond Fund seeks to achieve its objective by investing primarily in investment grade, U.S. dollar-denominated, debt securities of primarily U.S. issuers. The Fund may invest in U.S. government securities, corporate debt securities, mortgage-backed securities including collateralized mortgage obligations (CMOs) and other asset-backed securities. The Fund seeks to identify relative value opportunities between these sectors of the fixed-income market. Under normal circumstances, the Fund invests at least 80% of its net assets in bonds with limited-term maturities; therefore, the Fund seeks to maintain a dollar-weighted average maturity of not less than two years and not more than five years.",{'source': 'MutualFundSummary/Ivy Limited-Term Bond Fund.txt'}
Ivy LaSalle Global Risk-Managed Real Estate Fund,Balanced Fund (Low Risk),"Principal Investment Strategies

Ivy LaSalle Global Risk-Managed Real Estate Fund is a non-diversified fund that invests, under normal circumstances, at least 80% of its net assets in securities of companies in the real estate or real estate-related industries. The Fund intends to invest primarily in equity and equity-related securities issued by “Global Real Estate Companies,” which are companies that meet one of the following criteria:

∎	 	companies qualifying for U.S. Federal income tax purposes as real estate investment trusts (REITs);

∎	 	entities similar to REITs formed under the laws of a country other than the U.S.;

∎	 	companies located in any country that, at the time of initial purchase by the Fund, derive at least 50% of their revenues from the ownership, construction, financing, management or sale of commercial, industrial or residential real estate, or that have at least 50% of their assets invested in such real estate; or",{'source': 'MutualFundSummary/Ivy LaSalle Global Risk-Managed Real Estate Fund.txt'}
Ivy Managed International Opportunities Fund,Equity Long Only (Low Risk),"Principal Investment Strategies

Ivy Managed International Opportunities Fund is a “fund-of-funds” that seeks to achieve its objective by providing investors a diversified portfolio of international stocks, as well as a modest amount of bonds, by investing primarily in Class N shares of certain Ivy Funds global/international mutual funds, as identified below. Each underlying Ivy Fund, in turn, invests in a diversified portfolio of foreign equity securities of issuers in developed as well as emerging markets, and, to a lesser extent, a mixture of securities and bonds issued by foreign corporations and governments, and U.S. equity securities.

The Board, based upon the recommendation of IICO, has authorized the following target allocation ranges for investment of the Fund’s assets in specific underlying funds, although IICO expects the allocation will change over time:

Underlying Fund	 	Maximum Allocation	 	  	Minimum Allocation Ivy Emerging Markets Equity Fund",{'source': 'MutualFundSummary/Ivy Managed International Opportunities Fund.txt'}
Ivy Micro Cap Growth Fund,Equity Long Only (Low Risk),"Principal Investment Strategies

Ivy Micro Cap Growth Fund seeks to achieve its objective by investing, under normal circumstances, at least 80% of its net assets in equity securities of micro-capitalization companies. The Fund considers a company to be a micro-capitalization company if its market capitalization, at the time of acquisition, is less than the greater of $2 billion or the market capitalization of the largest company in the Russell Microcap Growth Index. As of June 30, 2018 (the quarter-end closest to the index’s rebalance), the largest company in the Russell Microcap Growth Index had a market capitalization of $1.97 billion. The Fund primarily invests in common stock, which may include common stocks that are offered in initial public offerings (IPOs).",{'source': 'MutualFundSummary/Ivy Micro Cap Growth Fund.txt'}
Ivy Mid Cap Growth Fund,Equity Long Only (Low Risk),"Principal Investment Strategies

Ivy Mid Cap Growth Fund seeks to achieve its objective by investing primarily in common stocks of mid-capitalization companies that IICO believes are high quality and/or offer above-average growth potential. Under normal circumstances, the Fund invests at least 80% of its net assets in the securities of mid-capitalization companies, which, for purposes of this Fund, typically are companies with market capitalizations within the range of companies in the Russell Midcap Growth Index at the time of acquisition. As of June 30, 2018 (the quarter-end closest to the index’s rebalance), this range of market capitalizations was between approximately $2.44 billion and $35.58 billion.",{'source': 'MutualFundSummary/Ivy Mid Cap Growth Fund.txt'}
Ivy Mid Cap Income Opportunities Fund,Balanced Fund (Low Risk),"Ivy Mid Cap Income Opportunities Fund <head_breaker>

Ivy Mid Cap Income Opportunities Fund

Objective

To seek to provide total return through a combination of current income and capital appreciation.

Fees and Expenses

This table describes the fees and expenses that you may pay if you buy and hold shares of the Fund. You may qualify for sales charge discounts if you and your family invest, or agree to invest in the future, at least $50,000 in funds within the Ivy Funds and/or InvestEd Portfolios. More information about these and other discounts is available from your financial professional, as well as in the Sales Charge Reductions section on page 255 of the Fund’s prospectus, in the Purchase, Redemption and Pricing of Shares section on page 146 of the Fund’s statement of additional information (SAI) and in Appendix B — Intermediary Sales Charge Discounts and Waivers.

Shareholder Fees",{'source': 'MutualFundSummary/Ivy Mid Cap Income Opportunities Fund.txt'}
Ivy Municipal Bond Fund,Fixed Income Long Only (Low Risk),"Ivy Municipal Bond Fund seeks to achieve its objective by investing, under normal circumstances, at least 80% of its net assets in municipal bonds. The Fund mainly invests in municipal bonds of investment grade and of any maturity. Municipal bonds are obligations issued by or on behalf of states, territories and possessions of the United States (including the District of Columbia, Puerto Rico, the U.S. Virgin Islands and Guam), the interest on which is excludable from gross income for Federal income tax purposes, although a portion of such interest may be an item of tax preference for purposes of the Federal alternative minimum tax (AMT) (Tax Preference Item). Investment grade debt securities include debt securities rated BBB- or higher by S&P Global Ratings, a division of S&P Global Inc. (S&P), or comparably rated by another nationally recognized statistical rating organization (NRSRO) or, if unrated, determined by Ivy Investment Management Company (IICO), the Fund’s investment",{'source': 'MutualFundSummary/Ivy Municipal Bond Fund.txt'}
Ivy Municipal High Income Fund,Fixed Income Long Only (Low Risk),"Principal Investment Strategies

Ivy Municipal High Income Fund seeks to achieve its objective by investing, under normal circumstances, at least 80% of its net assets in a diversified portfolio of municipal bonds. Municipal bonds are obligations issued by or on behalf of states, territories and possessions of the United States (including the District of Columbia, Puerto Rico, the U.S. Virgin Islands and Guam), the interest on which is excludable from gross income for Federal income tax purposes, although a significant portion of such interest may be an item of tax preference for purposes of the Federal alternative minimum tax (AMT) (Tax Preference Item). (Under 2017 legislation commonly known as the Tax Cuts and Jobs Act, corporations no longer are subject to the AMT for taxable years of the corporation beginning after December 31, 2017.)",{'source': 'MutualFundSummary/Ivy Municipal High Income Fund.txt'}
Ivy Natural Resources Fund,Equity Long Only (Low Risk),"Ivy Natural Resources Fund

<head_breaker>

Ivy Natural Resources Fund

Objective

To seek to provide capital growth and appreciation.

Fees and Expenses

This table describes the fees and expenses that you may pay if you buy and hold shares of the Fund. You may qualify for sales charge discounts if you and your family invest, or agree to invest in the future, at least $50,000 in funds within the Ivy Funds and/or InvestEd Portfolios. More information about these and other discounts is available from your financial professional, as well as in the Sales Charge Reductions section on page 255 of the Fund’s prospectus, in the Purchase, Redemption and Pricing of Shares section on page 146 of the Fund’s statement of additional information (SAI) and in Appendix B — Intermediary Sales Charge Discounts and Waivers. The Fund’s Class B shares are not available for purchase by new or existing investors, but are available for dividend reinvestment and exchanges.

Shareholder Fees",{'source': 'MutualFundSummary/Ivy Natural Resources Fund.txt'}
Ivy Science and Technology Fund,Equity Long Only (Low Risk),"Ivy Science and Technology Fund invests primarily in the equity securities of science and technology companies around the globe. Under normal circumstances, the Fund invests at least 80% of its net assets in securities of science or technology companies. Such companies may include companies that, in the opinion of IICO, derive a competitive advantage by the application of scientific or technological developments or discoveries to grow their business or increase their competitive advantage. Science and technology companies are companies whose products, processes or services, in the opinion of IICO, are being, or are expected to be, significantly benefited by the use or commercial application of scientific or technological developments or discoveries. The Fund also may invest in companies that utilize science and/or technology as an agent of change to significantly enhance their business opportunities. The Fund may invest in securities issued by companies of any size, and may invest",{'source': 'MutualFundSummary/Ivy Science and Technology Fund.txt'}
Ivy Securian Core Bond Fund,Fixed Income Long Only (Low Risk),"Ivy Securian Core Bond Fund seeks to achieve its objective by investing, under normal circumstances, at least 80% of its net assets in bonds (for this purpose, “bonds” includes any debt security with an initial maturity greater than one year). The Fund invests in a variety of primarily investment-grade debt securities (including bonds rated BBB- or higher by S&P Global Ratings, a division of S&P Global Inc. (S&P), or comparably rated by another nationally recognized statistical rating organization (NRSRO) or, if unrated, determined by IICO, or Securian Asset Management, Inc. (Securian AM), the Fund’s subadviser, to be of comparable quality), which include corporate debt securities, residential and commercial mortgage-backed securities, debt securities issued or guaranteed by the U.S. government or any of its agencies or instrumentalities (U.S. government securities) and other asset-backed securities. Certain of the mortgage-backed securities in which the Fund may invest are not backed",{'source': 'MutualFundSummary/Ivy Securian Core Bond Fund.txt'}
Ivy Small Cap Core Fund,Equity Long Only (Low Risk),"Principal Investment Strategies

Ivy Small Cap Core Fund seeks to achieve its objective by investing primarily in various types of equity securities of small-capitalization companies that IICO believes have the greatest potential for capital appreciation. Under normal circumstances, at least 80% of the Fund’s net assets will be invested, at the time of purchase, in common stocks of small-capitalization companies. For purposes of this Fund, small-capitalization companies typically are companies with market capitalizations within the range of companies in the Russell 2000 Index at the time of acquisition. As of June 30, 2018 (the quarter-end closest to the index’s rebalance), this range of market capitalizations was between approximately $51.89 million and $6.69 billion.",{'source': 'MutualFundSummary/Ivy Small Cap Core Fund.txt'}
Ivy Securian Real Estate Securities Fund,Balanced Fund (Low Risk),"Principal Investment Strategies

Ivy Securian Real Estate Securities Fund seeks to achieve its objective by investing, under normal circumstances, at least 80% of its net assets in the securities of companies in the real estate or real estate-related industries. “Real estate” securities include securities of issuers that receive at least 50% of their gross revenue from the construction, ownership, leasing, management, financing or sale of residential, commercial or industrial real estate. “Real estate-related” securities include securities issued by companies primarily engaged in businesses that sell or offer products or services that are closely related to the real estate industry. The Fund does not directly invest in real estate.",{'source': 'MutualFundSummary/Ivy Securian Real Estate Securities Fund.txt'}
Ivy Small Cap Growth Fund,Equity Long Only (Low Risk),"Principal Investment Strategies

Ivy Small Cap Growth Fund seeks to achieve its objective by investing, under normal circumstances, at least 80% of its net assets in common stocks of small-capitalization companies. For purposes of this Fund, small-capitalization companies typically are companies with market capitalizations within the range of companies in the Russell 2000 Growth Index at the time of acquisition. As of June 30, 2018 (the quarter-end closest to the index’s rebalance), this range of market capitalizations was between approximately $51.88 million and $6.69 billion. The Fund emphasizes smaller companies positioned in new or emerging industries where IICO believes there is opportunity for higher growth than in established companies or industries. The Fund’s investments in equity securities may include common stocks that are offered in initial public offerings (IPOs).",{'source': 'MutualFundSummary/Ivy Small Cap Growth Fund.txt'}
Ivy Tax-Managed Equity Fund,Equity Long Only (Low Risk),"Principal Investment Strategies

Ivy Tax-Managed Equity Fund seeks to achieve its objective by investing primarily in a diversified portfolio of common stocks of companies that IICO considers to be high in quality and attractive in their long-term investment potential. Under normal circumstances, the Fund invests at least 80% of its net assets in equity securities. For this purpose, such equity securities consist primarily of common stocks. IICO seeks stocks of growth-oriented companies that it believes have above-average levels of profitability and the ability to sustain growth and profitability over the long term. While the Fund typically invests in the common stocks of large- and mid-capitalization companies, it may invest in companies of any size, any industry or any country in seeking to achieve its objective.",{'source': 'MutualFundSummary/Ivy Tax-Managed Equity Fund.txt'}
Ivy Value Fund,Equity Long Only (Low Risk),"Principal Investment Strategies

Ivy Value Fund seeks to achieve its objective by investing in the common stocks of primarily large-capitalization companies that IICO believes are undervalued, trading at a significant discount relative to the intrinsic value of the company as estimated by IICO and/or are out of favor in the financial markets but have a favorable outlook for capital appreciation. Although the Fund primarily invests in securities issued by large-capitalization companies (typically, companies with market capitalizations of at least $10 billion at the time of acquisition), it may invest in securities issued by companies of any size.",{'source': 'MutualFundSummary/Ivy Value Fund.txt'}
Janus Henderson Asia Equity Fund,Equity Long Only (Low Risk),"also analyze each company from a macro perspective taking into consideration any important themes or issues that may impact the investment environment in certain regions or sectors and to estimate regional market risks. The Fund may lend portfolio securities on a short-term or long-term basis, in an amount equal to up to one-third of its total assets as determined at the time of the loan origination. PRINCIPAL INVESTMENT RISKS The biggest risk is that the Fund’s returns will vary, and you could lose money. The Fund is designed for long-term investors seeking an Asian equity portfolio, including common stocks. Common stocks tend to be more volatile than many other investment choices. 3 	Janus Henderson Asia Equity Fund",{'source': 'MutualFundSummary/Janus Henderson Asia Equity Fund.txt'}
Janus Henderson Balanced Fund,Balanced Fund (Low Risk),"Janus Henderson Balanced Fund

<head_breaker>

Janus Henderson Balanced Fund Ticker:	JDBAX	Class A Shares	JABRX	Class S Shares	JABNX	Class N Shares	JABAX	Class T Shares JABCX	Class C Shares	JBALX	Class I Shares	JDBRX	Class R Shares",{'source': 'MutualFundSummary/Janus Henderson Balanced Fund.txt'}
Janus Henderson Balanced Portfolio,Balanced Fund (Low Risk),"Janus Henderson Balanced Portfolio

<head_breaker>

Janus Henderson Balanced Fund Ticker:	JDBAX	Class A Shares	JABRX	Class S Shares	JABNX	Class N Shares	JABAX	Class T Shares JABCX	Class C Shares	JBALX	Class I Shares	JDBRX	Class R Shares",{'source': 'MutualFundSummary/Janus Henderson Balanced Portfolio.txt'}
Janus Henderson Contrarian Fund,Equity Long Only (Low Risk),"Janus Henderson Contrarian Fund

<head_breaker>

Janus Henderson Contrarian Fund Ticker:	JCNAX	Class A Shares	JCNIX	Class S Shares	JCNNX	Class N Shares	JSVAX	Class T Shares JCNCX	Class C Shares	JCONX	Class I Shares	JCNRX	Class R Shares",{'source': 'MutualFundSummary/Janus Henderson Contrarian Fund.txt'}
Janus Henderson Emerging Markets Fund,Equity Long Only (Low Risk),"country or regional factors may affect the company’s outlook, in the portfolio managers’ opinion, a superior investment opportunity arises or to meet cash requirements. The portfolio managers anticipate that the Fund will continue to hold securities of companies that grow or expand so long as the portfolio managers believe the securities continue to offer prospects of long-term growth. Some of the Fund’s investments may produce income, although income from dividends and interest will be incidental and not an important consideration in choosing investments. The Fund may engage in active and frequent trading to achieve its investment objective. The Fund may, under unusual circumstances, invest in a single country or a limited number of countries. In addition, the Fund may invest in securities issued by smaller companies and in less seasoned issuers. 10 	Janus Henderson Emerging Markets Fund",{'source': 'MutualFundSummary/Janus Henderson Emerging Markets Fund.txt'}
Janus Henderson Enterprise Portfolio,Equity Long Only (Low Risk),"Janus Henderson Enterprise Portfolio

<head_breaker>

Janus Henderson Enterprise Fund (closed to certain new investors) Ticker:	JDMAX	Class A Shares	JGRTX	Class S Shares	JDMNX	Class N Shares	JAENX	Class T Shares JGRCX	Class C Shares	JMGRX	Class I Shares	JDMRX	Class R Shares",{'source': 'MutualFundSummary/Janus Henderson Enterprise Portfolio.txt'}
Janus Henderson Enterprise Fund,Equity Long Only (Low Risk),"Janus Henderson Enterprise Fund

<head_breaker>

Janus Henderson Enterprise Fund (closed to certain new investors) Ticker:	JDMAX	Class A Shares	JGRTX	Class S Shares	JDMNX	Class N Shares	JAENX	Class T Shares JGRCX	Class C Shares	JMGRX	Class I Shares	JDMRX	Class R Shares",{'source': 'MutualFundSummary/Janus Henderson Enterprise Fund.txt'}
Janus Henderson European Focus Fund,Equity Long Only (Low Risk),"Janus Henderson European Focus Fund <head_breaker>

Janus Henderson European Focus Fund Ticker:	HFEAX	Class A Shares	HFESX	Class S Shares	HFERX	Class N Shares HFECX	Class C Shares	HFEIX	Class I Shares	HFETX	Class T Shares",{'source': 'MutualFundSummary/Janus Henderson European Focus Fund.txt'}
Janus Henderson Flexible Bond Portfolio,Fixed Income Long Only (Low Risk),"Janus Henderson Flexible Bond Portfolio <head_breaker>

Janus Henderson Flexible Bond Portfolio Ticker:	JAFLX	Institutional Shares",{'source': 'MutualFundSummary/Janus Henderson Flexible Bond Portfolio.txt'}
Janus Henderson Forty Fund,Equity Long Only (Low Risk),"Janus Henderson Forty Fund

<head_breaker>

Janus Henderson Forty Fund Ticker:	JDCAX	Class A Shares	JARTX	Class S Shares	JFRNX	Class N Shares	JACTX	Class T Shares JACCX	Class C Shares	JCAPX	Class I Shares	JDCRX	Class R Shares",{'source': 'MutualFundSummary/Janus Henderson Forty Fund.txt'}
Janus Henderson Forty Portfolio,Equity Long Only (Low Risk),"Janus Henderson Forty Portfolio

<head_breaker>

Janus Henderson Forty Portfolio

Ticker:	JACAX	Institutional Shares",{'source': 'MutualFundSummary/Janus Henderson Forty Portfolio.txt'}
Janus Henderson Global Bond Portfolio,Fixed Income Long Only (Low Risk),"Janus Henderson Global Bond Portfolio <head_breaker>

Janus Henderson Global Bond Portfolio Ticker:	       	Institutional Shares",{'source': 'MutualFundSummary/Janus Henderson Global Bond Portfolio.txt'}
Janus Henderson Global Equity Income Fund,Equity Long Only (Low Risk),"Janus Henderson Global Equity Income Fund <head_breaker>

Janus Henderson Global Equity Income Fund Ticker:	HFQAX	Class A Shares	HFQSX	Class S Shares	HFQRX	Class N Shares HFQCX	Class C Shares	HFQIX	Class I Shares	HFQTX	Class T Shares",{'source': 'MutualFundSummary/Janus Henderson Global Equity Income Fund.txt'}
Janus Henderson Global Life Sciences Fund,Equity Long Only (Low Risk),"Risk.  The Fund focuses its investments in securities of companies that are categorized in the “life sciences” sector, including companies in the pharmaceutical, biotechnology, health care services, and medical device industries. Because of this, companies in the Fund’s portfolio may share common characteristics and may be more sensitive to changes in government funding or subsidies, new or anticipated legislative changes, or technological advances. As a result, the Fund may be subject to greater risks and its net asset value may fluctuate more than a fund that does not concentrate its investments. Foreign Exposure Risk.  The Fund normally has significant exposure to foreign markets as a result of its investments in foreign securities, including investments in emerging markets, which can be more volatile than the U.S. markets. As a result, its returns and net asset value may be affected to a large degree by fluctuations in currency exchange rates or political or 34 	Janus Henderson",{'source': 'MutualFundSummary/Janus Henderson Global Life Sciences Fund.txt'}
Janus Henderson Global Research Fund,Balanced Fund (Low Risk),"Janus Henderson Global Research Fund <head_breaker>

Janus Henderson Global Research Fund Ticker:	JDWAX	Class A Shares	JWGRX	Class S Shares	JDWNX	Class N Shares	JAWWX	Class T Shares JWWCX	Class C Shares	JWWFX	Class I Shares	JDWRX	Class R Shares",{'source': 'MutualFundSummary/Janus Henderson Global Research Fund.txt'}
Janus Henderson Global Real Estate Fund,Balanced Fund (Low Risk),"The Fund may invest its assets in derivatives, which are instruments that have a value derived from, or directly linked to, an underlying asset, such as equity securities, fixed-income securities, commodities, currencies, interest rates, or market indices, as substitutes for securities in which the Fund invests. For purposes of meeting its 80% investment policy, the Fund may 41 	Janus Henderson Global Real Estate Fund",{'source': 'MutualFundSummary/Janus Henderson Global Real Estate Fund.txt'}
Janus Henderson Global Research Portfolio,Balanced Fund (Low Risk),"Janus Henderson Global Research Portfolio <head_breaker>

Janus Henderson Global Research Portfolio Ticker:	JAWGX	Institutional Shares",{'source': 'MutualFundSummary/Janus Henderson Global Research Portfolio.txt'}
Janus Henderson Global Select Fund,Equity Long Only (Low Risk),"INVESTMENT OBJECTIVE Janus Henderson Global Select Fund seeks long-term growth of capital. FEES AND EXPENSES OF THE FUND This table describes the fees and expenses that you may pay if you buy and hold Shares of the Fund. Each share class has different expenses, but represents an investment in the same Fund. For Class A Shares, you may qualify for sales charge discounts if you and your family invest, or agree to invest in the future, at least $50,000 in the Fund or in other Janus Henderson mutual funds. More information about these and other discounts, as well as eligibility requirements for each share class, is available from your financial professional and in the “Purchases” section on page 142 of the Fund’s Prospectus and in the “Purchases” section on page 84 of the Fund’s Statement of Additional Information. In addition, please see Appendix A – Intermediary Sales Charge Waivers and Discounts. You may also incur brokerage commissions charged by your broker or financial intermediary",{'source': 'MutualFundSummary/Janus Henderson Global Select Fund.txt'}
Janus Henderson Global Technology Fund,Equity Long Only (Low Risk),"Janus Henderson Global Technology Fund <head_breaker>

Janus Henderson Global Technology Fund Ticker:	JATAX	Class A Shares	JATSX	Class S Shares	JATNX	Class N Shares JAGCX	Class C Shares	JATIX	Class I Shares	JAGTX	Class T Shares",{'source': 'MutualFundSummary/Janus Henderson Global Technology Fund.txt'}
Janus Henderson Global Technology Portfolio,Equity Long Only (Low Risk),"Janus Henderson Global Technology Portfolio <head_breaker>

Janus Henderson Global Technology Portfolio Ticker:	JGLTX	Institutional Shares",{'source': 'MutualFundSummary/Janus Henderson Global Technology Portfolio.txt'}
Janus Henderson Global Unconstrained Bond Portfolio,Fixed Income Long Only (Low Risk),"Janus Henderson Global Unconstrained Bond Portfolio <head_breaker>

Janus Henderson Global Unconstrained Bond Portfolio Ticker:	JUCBX	Institutional Shares",{'source': 'MutualFundSummary/Janus Henderson Global Unconstrained Bond Portfolio.txt'}
Janus Henderson Growth and Income Fund,Balanced Fund (Low Risk),"Janus Henderson Growth and Income Fund <head_breaker>

Janus Henderson Growth and Income Fund Ticker:	JDNAX	Class A Shares	JADGX	Class S Shares	JDNNX	Class N Shares	JAGIX	Class T Shares JGICX	Class C Shares	JGINX	Class I Shares	JDNRX	Class R Shares",{'source': 'MutualFundSummary/Janus Henderson Growth and Income Fund.txt'}
Janus Henderson Global Value Fund,Balanced Fund (Low Risk),"Janus Henderson Global Value Fund <head_breaker>

Janus Henderson Global Value Fund Ticker:	JPPAX	Class A Shares	JPPSX	Class S Shares	JPPNX	Class N Shares JPPCX	Class C Shares	JPPIX	Class I Shares	JGVAX	Class T Shares",{'source': 'MutualFundSummary/Janus Henderson Global Value Fund.txt'}
Janus Henderson International Opportunities Fund,Balanced Fund (Low Risk),its benchmark index or other mutual funds with similar investment objectives. 79 	Janus Henderson International Opportunities Fund,{'source': 'MutualFundSummary/Janus Henderson International Opportunities Fund.txt'}
Janus Henderson International Small Cap Fund,Equity Long Only (Low Risk),"INVESTMENT OBJECTIVE Janus Henderson International Small Cap Fund seeks long-term capital appreciation. FEES AND EXPENSES OF THE FUND This table describes the fees and expenses that you may pay if you buy and hold Shares of the Fund. Each share class has different expenses, but represents an investment in the same Fund. For Class A Shares, you may qualify for sales charge discounts if you and your family invest, or agree to invest in the future, at least $50,000 in the Fund or in other Janus Henderson mutual funds. More information about these and other discounts, as well as eligibility requirements for each share class, is available from your financial professional and in the “Purchases” section on page 142 of the Fund’s Prospectus and in the “Purchases” section on page 84 of the Fund’s Statement of Additional Information. In addition, please see Appendix A – Intermediary Sales Charge Waivers and Discounts. You may also incur brokerage commissions charged by your broker or financial",{'source': 'MutualFundSummary/Janus Henderson International Small Cap Fund.txt'}
Janus Henderson International Value Fund,Equity Long Only (Low Risk),"INVESTMENT OBJECTIVE Janus Henderson International Value Fund seeks capital appreciation. FEES AND EXPENSES OF THE FUND This table describes the fees and expenses that you may pay if you buy and hold Shares of the Fund. Each share class has different expenses, but represents an investment in the same Fund. For Class A Shares, you may qualify for sales charge discounts if you and your family invest, or agree to invest in the future, at least $50,000 in the Fund or in other Janus Henderson mutual funds. More information about these and other discounts, as well as eligibility requirements for each share class, is available from your financial professional and in the “Purchases” section on page 142 of the Fund’s Prospectus and in the “Purchases” section on page 84 of the Fund’s Statement of Additional Information. In addition, please see Appendix A – Intermediary Sales Charge Waivers and Discounts. You may also incur brokerage commissions charged by your broker or financial intermediary",{'source': 'MutualFundSummary/Janus Henderson International Value Fund.txt'}
Janus Henderson Mid Cap Value Portfolio,Equity Long Only (Low Risk),"Janus Henderson Mid Cap Value Portfolio <head_breaker>

Janus Henderson Mid Cap Value Portfolio Ticker:	JAMVX	Institutional Shares",{'source': 'MutualFundSummary/Janus Henderson Mid Cap Value Portfolio.txt'}
Janus Henderson Overseas Fund,Balanced Fund (Low Risk),"Janus Henderson Overseas Fund

<head_breaker>

Janus Henderson Overseas Fund Ticker:	JDIAX	Class A Shares	JIGRX	Class S Shares	JDINX	Class N Shares	JAOSX	Class T Shares JIGCX	Class C Shares	JIGFX	Class I Shares	JDIRX	Class R Shares",{'source': 'MutualFundSummary/Janus Henderson Overseas Fund.txt'}
Janus Henderson Overseas Portfolio,Balanced Fund (Low Risk),"Janus Henderson Overseas Portfolio

<head_breaker>

Janus Henderson Overseas Portfolio

Ticker:	N/A	Service Shares",{'source': 'MutualFundSummary/Janus Henderson Overseas Portfolio.txt'}
Janus Henderson Research Fund,Equity Long Only (Low Risk),"Janus Henderson Research Fund

<head_breaker>

Janus Henderson Research Fund Ticker:	JRAAX	Class A Shares	JRASX	Class S Shares	JRANX	Class N Shares	JAMRX	Class T Shares JRACX	Class C Shares	JRAIX	Class I Shares	JRARX	Class R Shares",{'source': 'MutualFundSummary/Janus Henderson Research Fund.txt'}
Janus Henderson Research Portfolio,Balanced Fund (Low Risk),"Janus Henderson Research Portfolio

<head_breaker>

Janus Henderson Research Portfolio

Ticker:	N/A	Service Shares",{'source': 'MutualFundSummary/Janus Henderson Research Portfolio.txt'}
Janus Henderson Triton Fund,Equity Long Only (Low Risk),"Janus Henderson Triton Fund

<head_breaker>

Janus Henderson Triton Fund (closed to certain new investors) Ticker:	JGMAX	Class A Shares	JGMIX	Class S Shares	JGMNX	Class N Shares	JATTX	Class T Shares JGMCX	Class C Shares	JSMGX	Class I Shares	JGMRX	Class R Shares",{'source': 'MutualFundSummary/Janus Henderson Triton Fund.txt'}
Janus Henderson U.S. Growth Opportunities Fund,Equity Long Only (Low Risk),"Janus Henderson U.S. Growth Opportunities Fund <head_breaker>

Janus Henderson U.S. Growth Opportunities Fund Ticker:	HGRAX	Class A Shares	HGRSX	Class S Shares	HGRRX	Class N Shares HGRCX	Class C Shares	HGRIX	Class I Shares	HGRTX	Class T Shares",{'source': 'MutualFundSummary/Janus Henderson U.S. Growth Opportunities Fund.txt'}
Janus Henderson Venture Fund,Equity Long Only (Low Risk),"Janus Henderson Venture Fund

<head_breaker>

Janus Henderson Venture Fund (closed to certain new investors) Ticker:	JVTAX	Class A Shares	JVTSX	Class S Shares	JVTNX	Class N Shares JVTCX	Class C Shares	JVTIX	Class I Shares	JAVTX	Class T Shares",{'source': 'MutualFundSummary/Janus Henderson Venture Fund.txt'}
JPMorgan Access Balanced Fund,Balanced Fund (Low Risk),"JPMorgan Access Balanced Fund

<head_breaker>",{'source': 'MutualFundSummary/JPMorgan Access Balanced Fund.txt'}
JPMorgan California Tax Free Bond Fund,Fixed Income Long Only (Low Risk),JPMorgan California Tax Free Bond Fund <head_breaker>,{'source': 'MutualFundSummary/JPMorgan California Tax Free Bond Fund.txt'}
JPMorgan Equity Focus Fund,Equity Long Only (Low Risk),"JPMorgan Equity Focus Fund

<head_breaker>",{'source': 'MutualFundSummary/JPMorgan Equity Focus Fund.txt'}
JPMorgan Europe Dynamic Fund,Balanced Fund (Low Risk),"JPMorgan Europe Dynamic Fund (formerly JPMorgan Intrepid European Fund) (continued)

While the Fund’s assets will usually be invested in a number of different Western European countries, the Fund may at times invest most or all of the assets in a limited number of these countries. The Fund will, however, try to choose a wide range of industries and companies of varying sizes.

The Fund’s Main Investment Risks

The Fund is subject to management risk and may not achieve its objective if the adviser’s expectations regarding particular instruments or markets are not met.",{'source': 'MutualFundSummary/JPMorgan Europe Dynamic Fund.txt'}
JPMorgan Global Allocation Fund,Balanced Fund (Low Risk),"Table of Contents JPMorgan Global Allocation Fund (continued) What are the Fund’s main investment strategies? The Fund has significant flexibility to invest in a broad range of equity, fixed income and alternative asset classes in the U.S. and other markets throughout the world, both developed and emerging. J.P. Morgan Investment Management Inc. (JPMIM or adviser) uses a flexible asset allocation approach in constructing the Fund’s portfolio. Under normal circumstances, the Fund will invest at least 40% of its total assets in countries other than the United States (Non-U.S. Countries) unless the adviser determines, in its sole discretion, that conditions are not favorable. If the adviser determines that conditions are not favorable, the Fund may invest under 40% of its total assets in Non-U.S. Countries provided that the Fund will not invest less than 30% of its total assets in Non-U.S. Countries under normal circumstances except for temporary defensive purposes. In managing the Fund,",{'source': 'MutualFundSummary/JPMorgan Global Allocation Fund.txt'}
JPMorgan New York Tax Free Bond Fund,Fixed Income Long Only (Low Risk),JPMorgan New York Tax Free Bond Fund <head_breaker>,{'source': 'MutualFundSummary/JPMorgan New York Tax Free Bond Fund.txt'}
MainStay VP Balanced Portfolio,Balanced Fund (Low Risk),"67

MainStay VP Balanced Portfolio

Portfolio Management Risk: The investment strategies, practices and risk analysis used by a Subadvisor may not produce the desired results. In addition, the Portfolio may not achieve its investment objective, including during a period in which a Subadvisor takes temporary positions in response to unusual or adverse market, economic or political conditions, or other unusual or abnormal circumstances.

Equity Securities Risk: Investments in common stocks and other equity securities are particularly subject to the risk of changing economic, stock market, industry and company conditions and the risks inherent in the portfolio managers' ability to anticipate such changes that can adversely affect the value of the Portfolio's holdings. Opportunity for greater gain often comes with greater risk of loss.",{'source': 'MutualFundSummary/MainStay VP Balanced Portfolio.txt'}
JPMorgan Tax Aware Equity Fund,Balanced Fund (Low Risk),"Tax Aware Investing Risk. The Fund’s tax aware strategies may reduce your taxable income, but will not eliminate it. These strategies may require trade-offs that reduce pretax income. Managing the Fund to maximize after-tax returns may also potentially have a negative effect on the Fund’s performance.

2  |   J.P. MORGAN TAX AWARE FUNDS

Table of Contents

Because tax consequences are considered in managing the Fund, the Fund’s pre-tax performance may be lower than that of a similar fund that is not tax-managed.

Smaller Company Risk. Investments in securities of smaller companies may be riskier, less liquid, more volatile and vulnerable to economic, market and industry changes than securities of larger more established companies. As a result, changes in the price of debt or equity issued by such companies may be more sudden or erratic than the prices of other equity securities, especially over the short term.",{'source': 'MutualFundSummary/JPMorgan Tax Aware Equity Fund.txt'}
MainStay VP Common Stock Portfolio,Equity Long Only (Low Risk),"Principal Investment Strategies The Portfolio normally invests at least 80% of its assets (net assets plus any borrowings for investment purposes) in common stocks. The Portfolio primarily invests in common stocks of U.S. companies with market capitalizations that, at the time of investment, are similar to companies in the Standard & Poor's 500® Index (""S&P 500® Index”) (which ranged from $2.6 billion to $905.1 billion as of February 28, 2018) and the Russell 1000® Index (which ranged from $496.3 million to $905.1 billion as of February 28, 2018).",{'source': 'MutualFundSummary/MainStay VP Common Stock Portfolio.txt'}
MainStay VP Convertible Portfolio,Balanced Fund (Low Risk),"Principal Investment Strategies The Portfolio, under normal circumstances, invests at least 80% of its assets (net assets plus any borrowings for investment purposes) in ""convertible securities"" such as bonds, debentures, corporate notes, and preferred stocks or other securities that are convertible into common stock or the cash value of a stock or a basket or index of equity securities. The balance of the Portfolio may be invested or held in non-convertible debt, equity securities that do not pay regular dividends, U.S. government securities, and cash or cash equivalents.",{'source': 'MutualFundSummary/MainStay VP Convertible Portfolio.txt'}
MainStay VP Eagle Small Growth Portfolio,Equity Long Only (Low Risk),"MainStay VP Eagle Small Growth Portfolio <head_breaker>

MainStay VP Eagle Small Cap Growth Portfolio

Investment Objective

The Portfolio seeks long

term capital appreciation.

Fees and Expenses of the Portfolio The table below describes the fees and expenses that you may pay if you buy and hold shares of the Portfolio. The table does not include any separate account or policy fees or charges imposed under the variable annuity policies and variable universal life insurance policies for which the Portfolio is an investment option. If they were included, your costs would be higher. Investors should consult the applicable variable annuity policy or variable universal life insurance policy prospectus for more information.

Initial

Service

Class

Class

Annual Portfolio Operating Expenses

(fees paid directly from your investment)

Management Fees (as an annual percentage of the Portfolio's average daily net assets)

0.81

%

0.81

%

Distribution and Service (12b

1) Fees

None

0.25",{'source': 'MutualFundSummary/MainStay VP Eagle Small Growth Portfolio.txt'}
MainStay VP Emerging Markets Equity Portfolio,Equity Long Only (Low Risk),"Principal Investment Strategies The Portfolio, under normal circumstances, invests at least 80% of its assets (net assets plus any borrowings for investment purposes) in equity and equity-related securities, including preferred stock, of companies located in or associated with emerging market countries. The Portfolio may invest in securities issued by entities without regard to market capitalization, including smaller companies. These securities may be denominated in U.S. or non-U.S. currencies. The Portfolio may also invest in exchange-traded funds to obtain this exposure or for other investment purposes. The Portfolio may also invest in American Depositary Receipts, Global Depositary Receipts and non-voting Depositary Receipts.",{'source': 'MutualFundSummary/MainStay VP Emerging Markets Equity Portfolio.txt'}
MainStay VP Epoch U.S. Equity Yield Portfolio,Equity Long Only (Low Risk),"Investment Process: Epoch Investment Partners, Inc., the Portfolio's Subadvisor, invests primarily in companies that generate increasing levels of free cash flow and have managements that allocate it effectively to create shareholder value.

15

MainStay VP Epoch U.S. Equity Yield Portfolio

The security selection process focuses on free-cash-flow analytics as opposed to traditional accounting-based metrics. The Subadvisor seeks to identify companies with a consistent, straightforward ability to both generate free cash flow and to intelligently allocate it among internal reinvestment opportunities, acquisitions, dividends, share repurchases and/or debt reduction.",{'source': 'MutualFundSummary/MainStay VP Epoch U.S. Equity Yield Portfolio.txt'}
MainStay VP Epoch U.S. Small Cap Portfolio,Equity Long Only (Low Risk),"Principal Investment Strategies The Portfolio normally invests at least 80% of its assets (net assets plus any borrowings for investment purposes) in equity securities of U.S. companies with market capitalizations at the time of investment of $6 billion or less, which include common stocks, securities convertible into common stock and exchange traded funds (""ETFs"") whose underlying securities are issued by small capitalization companies. The Portfolio may also invest in mid-cap stocks. Securities of U.S. companies are those traded primarily in the U.S. securities markets.

Investment Process: Epoch Investment Partners, Inc., the Portfolio's Subadvisor, invests primarily in companies that generate increasing levels of free cash flow and have managements that allocate it effectively to create shareholder value.",{'source': 'MutualFundSummary/MainStay VP Epoch U.S. Small Cap Portfolio.txt'}
MainStay VP Growth Allocation Portfolio,Balanced Fund (Low Risk),"New York Life Investments will determine each Underlying Portfolio/Fund’s asset class, and for Underlying Portfolios/Funds that may potentially fall into multiple asset classes, New York Life Investments will classify them based on certain factors, including, but not limited to, the Underlying Portfolio/Fund's investment strategy and portfolio characteristics. The Underlying Portfolios/Funds may engage in strategies involving non-traditional asset classes (e.g., master limited partnerships), non-traditional investment strategies (e.g., non-correlated returns or short sales) or illiquid assets.

171

MainStay VP Growth Allocation Portfolio",{'source': 'MutualFundSummary/MainStay VP Growth Allocation Portfolio.txt'}
MainStay VP Income Builder Portfolio,Balanced Fund (Low Risk),"73

MainStay VP Income Builder Portfolio

Portfolio Management Risk: The investment strategies, practices and risk analysis used by a Subadvisor may not produce the desired results. In addition, the Portfolio may not achieve its investment objective, including during a period in which a Subadvisor takes temporary positions in response to unusual or adverse market, economic or political conditions, or other unusual or abnormal circumstances.",{'source': 'MutualFundSummary/MainStay VP Income Builder Portfolio.txt'}
MainStay VP International Equity Portfolio,Equity Long Only (Low Risk),"Generally, the Portfolio seeks to limit its investments in securities of: (i) any one company; (ii) companies in the same industry; (iii) companies located in any one country; and (iv) companies located in emerging markets (currently limited to 25% of the Portfolio’s assets measured at the time of investment).

35

MainStay VP MacKay International Equity Portfolio

The Subadvisor may sell a security if it no longer believes the security will contribute to meeting the investment objective of the Portfolio. In considering whether to sell a security, the Subadvisor may evaluate, among other things, whether the security has approached full valuation, if the investment thesis is invalidated, if superior opportunities to redeploy exist or emerge, or if industry group or country weights or individual positions need to be adjusted.",{'source': 'MutualFundSummary/MainStay VP International Equity Portfolio.txt'}
MainStay VP Large Cap Growth Portfolio,Equity Long Only (Low Risk),"The Subadvisor takes a ""bottom-up"" investment approach when selecting investments. This means it bases investment decisions on company specific factors, not general economic conditions.

23

MainStay VP Large Cap Growth Portfolio

Under normal market conditions, the Subadvisor employs a sell discipline pursuant to which it may sell some or all of its position in a stock when a stock becomes fully valued, the fundamental business prospects are deteriorating, or the position exceeds limits set by the Subadvisor.",{'source': 'MutualFundSummary/MainStay VP Large Cap Growth Portfolio.txt'}
MainStay VP Janus Henderson Balanced Portfolio,Balanced Fund (Low Risk),"MainStay VP Janus Henderson Balanced Portfolio <head_breaker>

MainStay VP Janus Henderson Balanced Portfolio

(formerly known as MainStay VP Janus Balanced Portfolio)

Investment Objective The Portfolio seeks long-term capital growth, consistent with preservation of capital and balanced by current income.

Fees and Expenses of the Portfolio The table below describes the fees and expenses that you may pay if you buy and hold shares of the Portfolio. The table does not include any separate account or policy fees or charges imposed under the variable annuity policies and variable universal life insurance policies for which the Portfolio is an investment option. If they were included, your costs would be higher. Investors should consult the applicable variable annuity policy or variable universal life insurance policy prospectus for more information.

Initial

Service

Class

Class

Annual Portfolio Operating Expenses

(fees paid directly from your investment)",{'source': 'MutualFundSummary/MainStay VP Janus Henderson Balanced Portfolio.txt'}
MainStay VP MFS Utilities Portfolio,Balanced Fund (Low Risk),"50

MainStay VP MFS® Utilities Portfolio

While the Subadvisor may use derivatives for any investment purpose, to the extent the Subadvisor uses derivatives, the Subadvisor expects to use derivatives primarily to increase or decrease currency exposure. Derivatives include futures, forward contracts, options and swaps.",{'source': 'MutualFundSummary/MainStay VP MFS Utilities Portfolio.txt'}
MainStay VP Mid Cap Core Portfolio,Equity Long Only (Low Risk),"Principal Investment Strategies The Portfolio, under normal circumstances, invests at least 80% of its assets (net assets plus any borrowings for investment purposes) in companies with market capitalizations at the time of investment that are similar to the market capitalizations of companies in the Russell Midcap® Index (which ranged from $496.3 million to $57.1 billion as of February 28, 2018), and invests primarily in common stocks of U.S. companies.",{'source': 'MutualFundSummary/MainStay VP Mid Cap Core Portfolio.txt'}
MainStay VP S&P 500 Index Portfolio,Equity Long Only (Low Risk),"MainStay VP S&P 500 Index Portfolio <head_breaker>

MainStay VP MacKay S&P 500 Index Portfolio

(formerly known as MainStay VP S&P 500 Index Portfolio)

Investment Objective The Portfolio seeks investment results that correspond to the total return performance (reflecting reinvestment of dividends) of common stocks in the aggregate as represented by the S&P 500® Index.

Fees and Expenses of the Portfolio The table below describes the fees and expenses that you may pay if you buy and hold shares of the Portfolio. The table does not include any separate account or policy fees or charges imposed under the variable annuity policies and variable universal life insurance policies for which the Portfolio is an investment option. If they were included, your costs would be higher. Investors should consult the applicable variable annuity policy or variable universal life insurance policy prospectus for more information.

Initial

Service

Class

Class

Annual Portfolio Operating Expenses",{'source': 'MutualFundSummary/MainStay VP S_P 500 Index Portfolio.txt'}
MainStay VP T. Rowe Price Equity Income Portfolio,Equity Long Only (Low Risk),"55

MainStay VP T. Rowe Price Equity Income Portfolio

The Portfolio generally seeks investments in large capitalization companies and the Portfolio’s yield, which reflects the level of dividends paid by the Portfolio, is expected to normally exceed the yield of the Russell 1000® Value Index. In pursuing its investment objective, the Portfolio has the discretion to deviate from its normal investment criteria.

These situations might arise when the Subadvisor believes a security could increase in value for a variety of reasons, including an extraordinary corporate event, a new product introduction or innovation, a favorable competitive development, or a change in management.",{'source': 'MutualFundSummary/MainStay VP T. Rowe Price Equity Income Portfolio.txt'}
MainStay VP Small Cap Core Portfolio,Equity Long Only (Low Risk),"MainStay VP Small Cap Core Portfolio <head_breaker>

MainStay VP MacKay Small Cap Core Portfolio

(formerly known as MainStay VP Small Cap Core Portfolio)

Investment Objective

The Portfolio seeks long

term growth of capital.

Fees and Expenses of the Portfolio The table below describes the fees and expenses that you may pay if you buy and hold shares of the Portfolio. The table does not include any separate account or policy fees or charges imposed under the variable annuity policies and variable universal life insurance policies for which the Portfolio is an investment option. If they were included, your costs would be higher. Investors should consult the applicable variable annuity policy or variable universal life insurance policy prospectus for more information.

Initial

Service

Class

Class

Annual Portfolio Operating Expenses

(fees paid directly from your investment)

Management Fees (as an annual percentage of the Portfolio's average daily net assets)1

0.85

%

0.85

%",{'source': 'MutualFundSummary/MainStay VP Small Cap Core Portfolio.txt'}
Managed Allocation Fund,Balanced Fund (Low Risk),"Managed Allocation Fund

<head_breaker>",{'source': 'MutualFundSummary/Managed Allocation Fund.txt'}
Managed Risk Growth Fund,Balanced Fund (Low Risk),"Managed Risk Growth Fund

<head_breaker>

Managed Risk Growth Fund

Investment objective The fund’s investment objective is to provide growth of capital while seeking to manage volatility and provide downside protection.

Fees and expenses of the fund This table describes the fees and expenses that you may pay if you buy and hold an interest in Class P1 shares of the fund. It does not reflect insurance contract fees and expenses. If insurance contract fees and expenses were reflected, expenses shown would be higher.",{'source': 'MutualFundSummary/Managed Risk Growth Fund.txt'}
Managed Risk Asset Allocation Fund,Balanced Fund (Low Risk),"Managed Risk Asset Allocation Fund <head_breaker>

Managed Risk Asset Allocation Fund

Investment objective The fund’s investment objective is to provide high total return (including income and capital gains) consistent with preservation of capital over the long term while seeking to manage volatility and provide downside protection.

Fees and expenses of the fund This table describes the fees and expenses that you may pay if you buy and hold an interest in Class P1 shares of the fund. It does not reflect insurance contract fees and expenses. If insurance contract fees and expenses were reflected, expenses shown would be higher.",{'source': 'MutualFundSummary/Managed Risk Asset Allocation Fund.txt'}
Managed Risk Growth-Income Fund,Balanced Fund (Low Risk),"Managed Risk Growth

Income Fund

<head_breaker>

Managed Risk Growth

Income Fund

Investment objectives The fund’s investment objectives are to achieve long-term growth of capital and income while seeking to manage volatility and provide downside protection.

Fees and expenses of the fund This table describes the fees and expenses that you may pay if you buy and hold an interest in Class P1 shares of the fund. It does not reflect insurance contract fees and expenses. If insurance contract fees and expenses were reflected, expenses shown would be higher.",{'source': 'MutualFundSummary/Managed Risk Growth-Income Fund.txt'}
Managed Risk Blue Chip Income and Growth Fund,Balanced Fund (Low Risk),"Managed Risk Blue Chip Income and Growth Fund <head_breaker>

Managed Risk Blue Chip Income and Growth Fund

Investment objectives The fund’s investment objectives are to produce income exceeding the average yield on U.S. stocks generally and to provide an opportunity for growth of principal consistent with sound common stock investing, in each case while seeking to manage volatility and provide downside protection.

Fees and expenses of the fund This table describes the fees and expenses that you may pay if you buy and hold an interest in Class P1 shares of the fund. It does not reflect insurance contract fees and expenses. If insurance contract fees and expenses were reflected, expenses shown would be higher.",{'source': 'MutualFundSummary/Managed Risk Blue Chip Income and Growth Fund.txt'}
Managed Risk International Fund,Balanced Fund (Low Risk),"7     American Funds Insurance Series — Managed Risk Funds / Prospectus

overall market changes; local, regional or global political, social or economic instability; governmental or governmental agency responses to economic conditions; and currency exchange rate, interest rate and commodity price fluctuations.

Issuer risks — The prices of, and the income generated by, securities held by an underlying fund may decline in response to various factors directly related to the issuers of such securities, including reduced demand for an issuer’s goods or services, poor management performance and strategic initiatives such as mergers, acquisitions or dispositions and the market response to any such initiatives.",{'source': 'MutualFundSummary/Managed Risk International Fund.txt'}
MFS Alabama Municipal Bond Fund,Fixed Income Long Only (Low Risk),"MFS Alabama Municipal Bond Fund <head_breaker>

MFS Alabama Municipal Bond Fund

Summary of Key Information

Investment Objective

The fund’s investment objective is to seek total return with an emphasis on income exempt from federal income tax and personal income tax, if any, of Alabama, but also considering capital appreciation.

Fees and Expenses

This table describes the fees and expenses that you may pay when you buy and hold shares of the fund. Investors may also pay commissions or other fees to their financial intermediaries when they buy and hold shares of the fund, which are not reflected below.",{'source': 'MutualFundSummary/MFS Alabama Municipal Bond Fund.txt'}
MFS Arkansas Municipal Bond Fund,Fixed Income Long Only (Low Risk),"MFS Arkansas Municipal Bond Fund <head_breaker>

MFS Arkansas Municipal Bond Fund

Summary of Key Information

Investment Objective

The fund’s investment objective is to seek total return with an emphasis on income exempt from federal income tax and personal income tax, if any, of Arkansas, but also considering capital appreciation.

Fees and Expenses

This table describes the fees and expenses that you may pay when you buy and hold shares of the fund. Investors may also pay commissions or other fees to their financial intermediaries when they buy and hold shares of the fund, which are not reflected below.",{'source': 'MutualFundSummary/MFS Arkansas Municipal Bond Fund.txt'}
MFS Georgia Municipal Bond Fund,Fixed Income Long Only (Low Risk),"MFS Georgia Municipal Bond Fund <head_breaker>

MFS Georgia Municipal Bond Fund

Summary of Key Information

Investment Objective

The fund’s investment objective is to seek total return with an emphasis on income exempt from federal income tax and personal income tax, if any, of Georgia, but also considering capital appreciation.

Fees and Expenses

This table describes the fees and expenses that you may pay when you buy and hold shares of the fund. Investors may also pay commissions or other fees to their financial intermediaries when they buy and hold shares of the fund, which are not reflected below.",{'source': 'MutualFundSummary/MFS Georgia Municipal Bond Fund.txt'}
MFS California Municipal Bond Fund,Fixed Income Long Only (Low Risk),"3

MFS California Municipal Bond Fund

Focus Risk:  The fund’s performance will be closely tied to the economic and political conditions in California, and can be more volatile than the performance of a more geographically diversified fund. In addition, the fund’s performance can also be tied to the economic and political conditions of other states and U.S. territories and possessions in which the funds are invested. These conditions may include constitutional or statutory limits on an issuer’s ability to raise revenues or increase taxes, anticipated or actual budget deficits or other financial difficulties, or changes in the credit quality of municipal issuers in the state, other states, or U.S. territories and possessions.",{'source': 'MutualFundSummary/MFS California Municipal Bond Fund.txt'}
MFS Global Equity Fund,Balanced Fund (Low Risk),"In selecting investments for the fund, MFS is not constrained by any particular investment style. MFS may invest the fund’s assets in the stocks of companies it believes to have above average earnings growth potential compared to other companies (growth companies), in the stocks of companies it believes are undervalued compared to their perceived worth (value companies), or in a combination of growth and value companies.

While MFS may invest the fund’s assets in securities of companies of any size, MFS primarily invests in securities of companies with large capitalizations.

MFS invests the fund’s assets in U.S. and foreign securities, including emerging market securities.

MFS normally invests the fund’s assets across different industries, sectors, countries, and regions, but MFS may invest a significant percentage of the fund’s assets in issuers in a single industry, sector, country, or region.",{'source': 'MutualFundSummary/MFS Global Equity Fund.txt'}
MFS Global Growth Fund,Equity Long Only (Low Risk),"Principal Investment Strategies

MFS (Massachusetts Financial Services Company, the fund’s investment adviser) normally invests the fund’s assets primarily in U.S. and foreign equity securities, including emerging market equity securities. Equity securities include common stocks and other securities that represent an ownership interest (or right to acquire an ownership interest) in a company or other issuer.

MFS focuses on investing the fund’s assets in the stocks of companies it believes to have above average earnings growth potential compared to other companies (growth companies).

MFS may invest the fund’s assets in securities of companies of any size.",{'source': 'MutualFundSummary/MFS Global Growth Fund.txt'}
MFS Global Total Return Fund,Balanced Fund (Low Risk),"MFS Global Total Return Fund <head_breaker>

MFS Global Total Return Fund

Summary of Key Information

Investment Objective

The fund’s investment objective is to seek total return.

Fees and Expenses

This table describes the fees and expenses that you may pay when you buy and hold shares of the fund. Investors may also pay commissions or other fees to their financial intermediaries when they buy and hold shares of the fund, which are not reflected below. Expenses have been adjusted to reflect current fee arrangements.",{'source': 'MutualFundSummary/MFS Global Total Return Fund.txt'}
MFS Maryland Municipal Bond Fund,Fixed Income Long Only (Low Risk),"MFS Maryland Municipal Bond Fund <head_breaker>

MFS Maryland Municipal Bond Fund

Summary of Key Information

Investment Objective

The fund’s investment objective is to seek total return with an emphasis on income exempt from federal income tax and personal income tax, if any, of Maryland, but also considering capital appreciation.

Fees and Expenses

This table describes the fees and expenses that you may pay when you buy and hold shares of the fund. Investors may also pay commissions or other fees to their financial intermediaries when they buy and hold shares of the fund, which are not reflected below.",{'source': 'MutualFundSummary/MFS Maryland Municipal Bond Fund.txt'}
MFS Massachusetts Municipal Bond Fund,Fixed Income Long Only (Low Risk),"Principal Investment Strategies

The fund invests, under normal market conditions, at least 80% of its net assets in securities and other investments, the interest on which is exempt from federal income tax and personal income tax, if any, of Massachusetts. Interest from the fund’s investments may be subject to the federal alternative minimum tax. MFS (Massachusetts Financial Services Company, the fund’s investment adviser) may also invest the fund’s assets in taxable instruments, including municipal instruments of other states.

MFS normally invests the fund’s assets primarily in municipal instruments.",{'source': 'MutualFundSummary/MFS Massachusetts Municipal Bond Fund.txt'}
MFS Mississippi Municipal Bond Fund,Fixed Income Long Only (Low Risk),"3

MFS Mississippi Municipal Bond Fund

Focus Risk:  The fund’s performance will be closely tied to the economic and political conditions in Mississippi, and can be more volatile than the performance of a more geographically diversified fund. In addition, the fund’s performance can also be tied to the economic and political conditions of other states and U.S. territories and possessions in which the funds are invested. These conditions may include constitutional or statutory limits on an issuer’s ability to raise revenues or increase taxes, anticipated or actual budget deficits or other financial difficulties, or changes in the credit quality of municipal issuers in the state, other states, or U.S. territories and possessions.",{'source': 'MutualFundSummary/MFS Mississippi Municipal Bond Fund.txt'}
MFS Municipal Income Fund,Fixed Income Long Only (Low Risk),"Principal Investment Strategies

The fund invests, under normal market conditions, at least 80% of its net assets in securities and other investments, the interest on which is exempt from federal income tax. Interest from the fund’s investments may be subject to the federal alternative minimum tax.

MFS (Massachusetts Financial Services Company, the fund’s investment adviser) normally invests the fund’s assets primarily in municipal instruments.

MFS primarily invests the fund’s assets in investment grade quality debt instruments, but may also invest in below investment grade quality debt instruments.

MFS may invest 25% or more of the fund’s total assets in municipal instruments that finance similar projects, such as those relating to education, healthcare, housing, utilities, water, or sewers.

MFS may invest a significant percentage of the fund’s assets in issuers in a single state, territory, or possession, or a small number of states, territories, or possessions.",{'source': 'MutualFundSummary/MFS Municipal Income Fund.txt'}
MFS New York Municipal Bond Fund,Fixed Income Long Only (Low Risk),"3

MFS New York Municipal Bond Fund

Focus Risk:  The fund’s performance will be closely tied to the economic and political conditions in New York, and can be more volatile than the performance of a more geographically diversified fund. In addition, the fund’s performance can also be tied to the economic and political conditions of other states and U.S. territories and possessions in which the funds are invested. These conditions may include constitutional or statutory limits on an issuer’s ability to raise revenues or increase taxes, anticipated or actual budget deficits or other financial difficulties, or changes in the credit quality of municipal issuers in the state, other states, or U.S. territories and possessions.",{'source': 'MutualFundSummary/MFS New York Municipal Bond Fund.txt'}
MFS Pennsylvania Municipal Bond Fund,Fixed Income Long Only (Low Risk),"MFS Pennsylvania Municipal Bond Fund <head_breaker>

MFS Pennsylvania Municipal Bond Fund

Summary of Key Information

Investment Objective

The fund’s investment objective is to seek total return with an emphasis on income exempt from federal income tax and personal income tax, if any, of Pennsylvania, but also considering capital appreciation.

Fees and Expenses

This table describes the fees and expenses that you may pay when you buy and hold shares of the fund. Investors may also pay commissions or other fees to their financial intermediaries when they buy and hold shares of the fund, which are not reflected below.",{'source': 'MutualFundSummary/MFS Pennsylvania Municipal Bond Fund.txt'}
MFS North Carolina Municipal Bond Fund,Fixed Income Long Only (Low Risk),"3

MFS North Carolina Municipal Bond Fund

Focus Risk:  The fund’s performance will be closely tied to the economic and political conditions in North Carolina, and can be more volatile than the performance of a more geographically diversified fund. In addition, the fund’s performance can also be tied to the economic and political conditions of other states and U.S. territories and possessions in which the funds are invested. These conditions may include constitutional or statutory limits on an issuer’s ability to raise revenues or increase taxes, anticipated or actual budget deficits or other financial difficulties, or changes in the credit quality of municipal issuers in the state, other states, or U.S. territories and possessions.",{'source': 'MutualFundSummary/MFS North Carolina Municipal Bond Fund.txt'}
MFS South Carolina Municipal Bond Fund,Fixed Income Long Only (Low Risk),"3

MFS South Carolina Municipal Bond Fund

diversified fund. In addition, the fund’s performance can also be tied to the economic and political conditions of other states and U.S. territories and possessions in which the funds are invested. These conditions may include constitutional or statutory limits on an issuer’s ability to raise revenues or increase taxes, anticipated or actual budget deficits or other financial difficulties, or changes in the credit quality of municipal issuers in the state, other states, or U.S. territories and possessions.",{'source': 'MutualFundSummary/MFS South Carolina Municipal Bond Fund.txt'}
MFS Strategic Income Fund,Fixed Income Long Only (Low Risk),"MFS Strategic Income Fund

<head_breaker>

Summary of Key Information

Investment Objective

The fund’s investment objective is to seek total return with an emphasis on high current income, but also considering capital appreciation.

Fees and Expenses

This table describes the fees and expenses that you may pay when you buy and hold shares of the fund. Investors may also pay commissions or other fees to their financial intermediaries when they buy and hold shares of the fund, which are not reflected below.",{'source': 'MutualFundSummary/MFS Strategic Income Fund.txt'}
MFS Utilities Fund,Balanced Fund (Low Risk),"Principal Investment Strategies

MFS (Massachusetts Financial Services Company, the fund’s investment adviser) normally invests at least 80% of the fund’s net assets in securities of issuers in the utilities industry. MFS considers a company to be in the utilities industry if, at the time of investment, MFS determines that a substantial portion (i.e., at least 50%) of the company’s assets or revenues are derived from one or more utilities. Issuers in the utilities industry include issuers engaged in the manufacture, production, generation, transmission, sale or distribution of electric, gas or other types of energy, water or other sanitary services; and issuers engaged in telecommunications, including telephone, cellular telephone, satellite, microwave, cable television, and other communications media (but not engaged in public broadcasting).",{'source': 'MutualFundSummary/MFS Utilities Fund.txt'}
MFS Tennessee Municipal Bond Fund,Fixed Income Long Only (Low Risk),"MFS Tennessee Municipal Bond Fund <head_breaker>

MFS Tennessee Municipal Bond Fund

Summary of Key Information

Investment Objective

The fund’s investment objective is to seek total return with an emphasis on income exempt from federal income tax and personal income tax, if any, of Tennessee, but also considering capital appreciation.

Fees and Expenses

This table describes the fees and expenses that you may pay when you buy and hold shares of the fund. Investors may also pay commissions or other fees to their financial intermediaries when they buy and hold shares of the fund, which are not reflected below.",{'source': 'MutualFundSummary/MFS Tennessee Municipal Bond Fund.txt'}
MFS Virginia Municipal Bond Fund,Fixed Income Long Only (Low Risk),"3

MFS Virginia Municipal Bond Fund

Focus Risk:  The fund’s performance will be closely tied to the economic and political conditions in Virginia, and can be more volatile than the performance of a more geographically diversified fund. In addition, the fund’s performance can also be tied to the economic and political conditions of other states and U.S. territories and possessions in which the funds are invested. These conditions may include constitutional or statutory limits on an issuer’s ability to raise revenues or increase taxes, anticipated or actual budget deficits or other financial difficulties, or changes in the credit quality of municipal issuers in the state, other states, or U.S. territories and possessions.",{'source': 'MutualFundSummary/MFS Virginia Municipal Bond Fund.txt'}
MFS West Virginia Municipal Bond Fund,Fixed Income Long Only (Low Risk),"3

MFS West Virginia Municipal Bond Fund

Focus Risk:  The fund’s performance will be closely tied to the economic and political conditions in West Virginia, and can be more volatile than the performance of a more geographically diversified fund. In addition, the fund’s performance can also be tied to the economic and political conditions of other states and U.S. territories and possessions in which the funds are invested. These conditions may include constitutional or statutory limits on an issuer’s ability to raise revenues or increase taxes, anticipated or actual budget deficits or other financial difficulties, or changes in the credit quality of municipal issuers in the state, other states, or U.S. territories and possessions.",{'source': 'MutualFundSummary/MFS West Virginia Municipal Bond Fund.txt'}
Money Market Fund,Balanced Fund (Low Risk),"be higher or lower, you would pay the following expenses on a $10,000 investment, assuming (1) a 5% annual return, (2) the Fund’s operating expenses remain the same, and (3) you redeem all of your shares at the end of the periods shown. 1 Year	3 Years	5 Years	10 Years $63	$199	$346	$774 PRINCIPAL INVESTMENT STRATEGY The Fund invests its assets in high-quality, U.S. dollar-denominated, short-term debt securities of domestic and foreign issuers that have been determined to present minimal credit risk and comply with strict Securities and Exchange Commission (SEC) guidelines applicable to money market funds. Prospectus  |  1",{'source': 'MutualFundSummary/Money Market Fund.txt'}
MULTI-ASSET REAL RETURN FUND,Balanced Fund (Low Risk),"2

Principal Investment Strategies

The fund’s asset allocation strategy seeks to diversify its investments among equity securities, debt securities, U.S. Treasury inflation-indexed securities, commodity-related investments and real estate-related investments, all in an effort to provide investors total real return. Total real return is total return reduced by the expected impact of inflation. The fund’s investment strategy has been designed in an effort to protect the fund’s investors from the effects of rising U.S. inflation. The portfolio managers will regularly review the fund’s asset mix and adjust the allocation among asset classes as necessary to provide the fund what they believe is the most favorable outlook for achieving the fund’s objective. By adjusting the allocation among asset classes the portfolio managers can moderate risks associated with each asset category.",{'source': 'MutualFundSummary/MULTI-ASSET REAL RETURN FUND.txt'}
Mortgage Fund,Fixed Income Long Only (Low Risk),"Principal investment strategies Normally, at least 80% of the fund’s assets is invested in mortgage-related securities, including securities collateralized by mortgage loans and contracts for future delivery of such securities (such as to-be-announced contracts and mortgage dollar rolls). The contracts for future delivery are normally of short duration and may be replaced by another contract prior to maturity. Each such transaction is reflected as turnover in the fund’s portfolio, resulting in a higher portfolio turnover rate than funds that do not employ this investment strategy. The fund invests primarily in mortgage-related securities that are sponsored or guaranteed by the U.S. government, such as securities issued by government-sponsored entities and federal agencies and instrumentalities that are not backed by the full faith and credit of the U.S. government, and non-government mortgage-related securities that are rated in the Aaa or AAA rating category (by Nationally Recognized",{'source': 'MutualFundSummary/Mortgage Fund.txt'}
Multi-Manager Value Strategies Fund,Balanced Fund (Low Risk),"Multi

Manager Value Strategies Fund

<head_breaker>

SUMMARY OF THE FUND Investment Objective Multi-Manager Value Strategies Fund (the Fund) seeks to provide shareholders with growth of capital and income. Fees and Expenses of the Fund This table describes the fees and expenses that you may pay if you buy and hold shares of the Fund.

Shareholder Fees (fees paid directly from your investment) Class A	Class Inst Maximum sales charge (load) imposed on purchases (as a % of offering price)	None	None Maximum deferred sales charge (load) imposed on redemptions (as a % of the lower of the original purchase price or current net asset value)	None	None",{'source': 'MutualFundSummary/Multi-Manager Value Strategies Fund.txt'}
Nasdaq-100 Index Fund,Equity Long Only (Low Risk),"account. These costs, which are not reflected in the Annual Fund Operating Expenses or in the Example, affect the Fund’s performance. For the most recent fiscal year, the Fund’s portfolio turnover rate was 5% of the average value of its whole portfolio. PRINCIPAL INVESTMENT STRATEGY The Fund’s principal investment strategy is, under normal market conditions, to invest at least 80% of the Fund’s assets in the common stocks of companies composing the Nasdaq-100 Index. This strategy may be changed upon 60 days’ written notice to shareholders. In seeking to track the performance of the Nasdaq-100 Index, the Fund’s subadviser, Northern Trust Investments, Inc. (NTI), will normally invest in all the common stocks of companies in the Nasdaq-100 Index in roughly the same proportions as their weightings in the index. While NTI attempts to replicate the index, there may be times when the Fund and the index do not match exactly. At times, NTI may purchase a stock not included in the Nasdaq-100",{'source': 'MutualFundSummary/Nasdaq-100 Index Fund.txt'}
New World Fund,Balanced Fund (Low Risk),"The fund relies on the professional judgment of its investment adviser to make decisions about the fund’s portfolio investments. The basic investment philosophy of the investment adviser is to seek to invest in attractively valued companies that, in its opinion, represent good, long-term investment opportunities. The investment adviser believes that an important way to accomplish this is through fundamental analysis, which may include meeting with company executives and employees, suppliers, customers and competitors. Securities may be sold when the investment adviser believes that they no longer represent relatively attractive investment opportunities.

13     American Funds Insurance Series / Prospectus

Principal risks",{'source': 'MutualFundSummary/New World Fund.txt'}
NORTHERN MONEY MARKET FUND,Balanced Fund (Low Risk),"MANAGEMENT

INVESTMENT ADVISER. Northern Trust Investments, Inc., a subsidiary of Northern Trust Corporation, serves as the investment adviser of the Fund. The Northern Trust Company, an affiliate of Northern Trust Investments, Inc., serves as transfer agent, custodian and sub-administrator to the Fund.

MONEY MARKET FUNDS	 	6	 	NORTHERN FUNDS PROSPECTUS Table of Contents MONEY MARKET FUNDS

MONEY MARKET FUND

PURCHASE AND SALE OF FUND SHARES",{'source': 'MutualFundSummary/NORTHERN MONEY MARKET FUND.txt'}
NORTHERN MUNICIPAL MONEY MARKET FUND,Fixed Income Long Only (Low Risk),"TAX RISK is the risk that future legislative or administrative changes, court decisions or noncompliant conduct by issuers may materially affect the value of municipal instruments, the ability of the Fund to pay tax-exempt dividends, or may otherwise prevent the Fund from realizing the full current benefit of the tax-exempt status of such securities. Any such change could affect the value of an investment in the Fund.

VARIABLE OR FLOATING RATE INSTRUMENTS RISK is the risk that securities with variable or floating rates can be less sensitive to interest rate changes than securities with fixed interest rates, but may decline in value and negatively impact the Fund,

NORTHERN FUNDS PROSPECTUS	 	11	 	MONEY MARKET FUNDS Table of Contents MONEY MARKET FUNDS

MUNICIPAL MONEY MARKET FUND",{'source': 'MutualFundSummary/NORTHERN MUNICIPAL MONEY MARKET FUND.txt'}
NT CORE EQUITY PLUS FUND,Equity Long Only (Low Risk),"Principal Investment Strategies

The managers use quantitative models to construct the portfolio of equity securities for the fund. Under normal market conditions, the fund will invest at least 80% of the fund’s net assets in equity securities. The fund invests approximately 130% of its assets in long positions, while 30% of its assets are sold short. A long position arises when the fund buys a security outright. A short position arises when the fund sells a security it does not own but has borrowed in anticipation that the market price of the security will decline. If the market price in fact declines, the fund can replace the borrowed security at a lower price and capture the value represented by the difference between the higher sale price and the lower replacement price. The proceeds from the securities sold short are used to purchase an additional 30% of long positions. The net investment exposure for the fund is a 100% long market exposure.",{'source': 'MutualFundSummary/NT CORE EQUITY PLUS FUND.txt'}
NORTHERN U.S. GOVERNMENT SELECT MONEY MARKET FUND,Fixed Income Long Only (Low Risk),"U.S. GOVERNMENT SECURITIES RISK is the risk that the U.S. government will not provide financial support to its agencies, instrumentalities or sponsored enterprises if it is not obligated to do so by law. Certain U.S. government securities purchased by the Fund are neither issued nor guaranteed by the U.S. Treasury and, therefore, may not be backed by the full faith and credit of the United States. It is possible that the issuers of such securities will not have the funds to meet their payment obligations in the future.

NORTHERN FUNDS PROSPECTUS	 	19	 	MONEY MARKET FUNDS Table of Contents MONEY MARKET FUNDS

U.S. GOVERNMENT SELECT MONEY MARKET FUND",{'source': 'MutualFundSummary/NORTHERN U.S. GOVERNMENT SELECT MONEY MARKET FUND.txt'}
NORTHERN U.S. GOVERNMENT MONEY MARKET FUND,Balanced Fund (Low Risk),"You could lose money by investing in the Fund. Although the Fund seeks to preserve the value of your investment at $1.00 per share, the Fund cannot guarantee it will do so. An investment in the Fund is not a deposit of any bank and is not insured or guaranteed by the Federal Deposit Insurance Corporation, any other government agency, or The Northern Trust Company, its affiliates, subsidiaries or any other bank. The Fund’s sponsor has no legal obligation to provide financial

NORTHERN FUNDS PROSPECTUS	 	15	 	MONEY MARKET FUNDS Table of Contents MONEY MARKET FUNDS

U.S. GOVERNMENT MONEY MARKET FUND

support to the Fund, and you should not expect that the sponsor will provide financial support to the Fund at any time.

FUND PERFORMANCE

The bar chart and table that follow provide an indication of the risks of investing in the Fund by showing changes in the performance of the Fund from year to year.",{'source': 'MutualFundSummary/NORTHERN U.S. GOVERNMENT MONEY MARKET FUND.txt'}
NT EMERGING MARKETS FUND,Equity Long Only (Low Risk),"NT EMERGING MARKETS FUND

<head_breaker>

Fund Summary

Investment Objective

The fund seeks capital growth.

Fees and Expenses

The following table describes the fees and expenses you may pay if you buy and hold shares of the fund.

Annual Fund Operating Expenses (expenses that you pay each year as a percentage of the value of your investment)

G1

Management Fee2

0.90%

Distribution and Service (12b-1) Fees

None

Other Expenses

0.01%

Total Annual Fund Operating Expenses

0.91%

Fee Waiver3

0.90%

Total Annual Fund Operating Expenses After Fee Waiver

0.01%

1

Prior to July 31, 2017, this class was referred to as the Institutional Class.

2

The management fee has been restated to reflect the decrease in the management fee schedule effective April 1, 2018.

3

The advisor has agreed to waive the G Class’s management fee in its entirety. The advisor expects this waiver to remain in effect permanently and cannot terminate it without the approval of the Board of Directors.

Example",{'source': 'MutualFundSummary/NT EMERGING MARKETS FUND.txt'}
NT EQUITY GROWTH FUND,Equity Long Only (Low Risk),"NT EQUITY GROWTH FUND

<head_breaker>

Fund Summary

Investment Objective

The fund seeks long-term capital growth.

Fees and Expenses

The following table describes the fees and expenses you may pay if you buy and hold shares of the fund.

Annual Fund Operating Expenses (expenses that you pay each year as a percentage of the value of your investment)

G1

Management Fee

0.46%

Distribution and Service (12b-1) Fees

None

Other Expenses

0.00%

Total Annual Fund Operating Expenses

0.46%

Fee Waiver2

0.46%

Total Annual Fund Operating Expenses After Fee Waiver

0.00%

1

Prior to July 31, 2017, this class was referred to as the Institutional Class.

2

The advisor has agreed to waive the G Class’s management fee in its entirety. The advisor expects this waiver to remain in effect permanently and cannot terminate it without the approval of the Board of Directors.

Example",{'source': 'MutualFundSummary/NT EQUITY GROWTH FUND.txt'}
NT GROWTH FUND,Equity Long Only (Low Risk),"NT GROWTH FUND

<head_breaker>

Fund Summary Investment Objective The fund seeks long-term capital growth. Fees and Expenses The following table describes the fees and expenses you may pay if you buy and hold shares of the fund. Annual Fund Operating Expenses (expenses that you pay each year as a percentage of the value of your investment)",{'source': 'MutualFundSummary/NT GROWTH FUND.txt'}
NT HERITAGE FUND,Equity Long Only (Low Risk),"NT HERITAGE FUND

<head_breaker>

Fund Summary Investment Objective The fund seeks long-term capital growth. Fees and Expenses The following table describes the fees and expenses you may pay if you buy and hold shares of the fund. Annual Fund Operating Expenses (expenses that you pay each year as a percentage of the value of your investment)",{'source': 'MutualFundSummary/NT HERITAGE FUND.txt'}
NT INTERNATIONAL SMALL-MID CAP FUND,Equity Long Only (Low Risk),"Principal Investment Strategies

The fund’s assets will be invested primarily in equity securities of companies that are small- to medium-sized at the time of purchase and are located in foreign developed countries. Under normal market conditions, the fund will invest at least 80% of its net assets in companies that are small- to medium-sized. The portfolio managers consider small to medium companies to be those that have a market capitalization not greater than that of the largest company in the MSCI EAFE SMID Cap Index. Though market capitalization will change from time to time, as of January 31, 2018 , the total market capitalization of the largest company in the MSCI EAFE SMID Cap Index was approximately $24.0 billion.",{'source': 'MutualFundSummary/NT INTERNATIONAL SMALL-MID CAP FUND.txt'}
NT INTERNATIONAL VALUE FUND,Equity Long Only (Low Risk),"NT INTERNATIONAL VALUE FUND

<head_breaker>

Fund Summary

Investment Objective

The fund seeks long-term capital growth.

Fees and Expenses

The following table describes the fees and expenses you may pay if you buy and hold shares of the fund.

Annual Fund Operating Expenses (expenses that you pay each year as a percentage of the value of your investment)

Investor

G1

Management Fee

1.28%

0.93%²

Distribution and Service (12b-1) Fees

None

None

Other Expenses

0.01%

0.01%

Total Annual Fund Operating Expenses

1.29%

0.94%

Fee Waiver

None

0.93%³

Total Annual Fund Operating Expenses After Fee Waiver

1.29%

0.01%

1

Prior to July 31, 2017, this class was referred to as the Institutional Class.

2

The management fee has been restated to reflect the decrease in the management fee schedule effective July 31, 2017.

3",{'source': 'MutualFundSummary/NT INTERNATIONAL VALUE FUND.txt'}
NT SMALL COMPANY,Equity Long Only (Low Risk),"2

Principal Risks

Small Cap Stocks – The smaller companies in which the fund invests may be more volatile and subject to greater risk than larger companies. Smaller companies may have limited financial resources, product lines and markets, and their securities may trade less frequently and in more limited volumes than the securities of larger companies, which could lead to higher transaction costs.

Style Risk – If at any time the market is not favoring the fund’s quantitative investment style, the fund’s gains may not be as big as, or its losses may be bigger than, those of other equity funds using different investment styles.",{'source': 'MutualFundSummary/NT SMALL COMPANY.txt'}
PIMCO California Intermediate Municipal Bond Fund,Fixed Income Long Only (Low Risk),"PIMCO FUNDS | PROSPECTUS

1

Table of Contents

PIMCO California Intermediate Municipal Bond Fund

interest rates or improving credit fundamentals for a particular state, municipality or issuer.

The Fund invests primarily in investment grade debt securities, but may invest up to 10% of its total assets in high yield securities (""junk bonds""), as rated by Moody's Investors Service, Inc. (""Moody's""), Standard & Poor's Ratings Services (""S&P"") or Fitch, Inc. (""Fitch""), or, if unrated, as determined by PIMCO.",{'source': 'MutualFundSummary/PIMCO California Intermediate Municipal Bond Fund.txt'}
PIMCO California Short Duration Municipal Income Fund,Fixed Income Long Only (Low Risk),"The Fund invests primarily in investment grade debt securities, but may invest up to 10% of its total assets in high yield securities (""junk bonds"") that are rated Caa or higher by Moody's Investors Service, Inc. (""Moody's""), or equivalently rated by Standard & Poor's Ratings Services (""S&P"") or Fitch, Inc. (""Fitch""), or, if unrated, determined by PIMCO to be of comparable quality.

The Fund may invest in derivative instruments, such as options, futures contracts or swap agreements, or in mortgage- or asset-backed securities.

PIMCO FUNDS | PROSPECTUS

9

Table of Contents

PIMCO California Short Duration Municipal Income Fund",{'source': 'MutualFundSummary/PIMCO California Short Duration Municipal Income Fund.txt'}
PIMCO California Municipal Bond Fund,Fixed Income Long Only (Low Risk),"PIMCO FUNDS | PROSPECTUS

5

Table of Contents

PIMCO California Municipal Bond Fund

consistently attractive current yields or that are trading at competitive market prices. Capital appreciation, if any, generally arises from decreases in interest rates or improving credit fundamentals for a particular state, municipality or issuer.

The Fund invests primarily in investment grade debt securities, but may invest up to 20% of its total assets in high yield securities (""junk bonds""), as rated by Moody's Investors Service, Inc. (""Moody's""), Standard & Poor's Ratings Services (""S&P"") or Fitch, Inc. (""Fitch""), or, if unrated, as determined by Pacific Investment Management Company LLC (""PIMCO""). The Fund is non-diversified, which means that it may invest its assets in a smaller number of issuers than a diversified fund.",{'source': 'MutualFundSummary/PIMCO California Municipal Bond Fund.txt'}
PIMCO Gurtin California Municipal Intermediate Value Fund,Fixed Income Long Only (Low Risk),"1

Table of Contents

PIMCO Gurtin California Municipal Intermediate Value Fund

Principal Risks

It is possible to lose money on an investment in the Fund. The principal risks of investing in the Fund, which could adversely affect its net asset value, yield and total return are listed below.

New/Small Fund Risk: the risk that a new or smaller fund's performance may not represent how the fund is expected to or may perform in the long term. In addition, new funds have limited operating histories for investors to evaluate and new and smaller funds may not attract sufficient assets to achieve investment and trading efficiencies",{'source': 'MutualFundSummary/PIMCO Gurtin California Municipal Intermediate Value Fund.txt'}
PIMCO Gurtin California Municipal Opportunistic Value Fund,Fixed Income Long Only (Low Risk),"PIMCO Gurtin California Municipal Opportunistic Value Fund <head_breaker>

PIMCO Gurtin California Municipal Opportunistic Value Fund

Investment Objective

The Fund seeks to provide current income exempt from regular federal income tax and California state personal income taxes while seeking to preserve capital and liquidity.

Fees and Expenses of the Fund

This table describes the fees and expenses that you may pay if you buy and hold shares of the Fund:

Shareholder Fees (fees paid directly from your investment): None

Annual Fund Operating Expenses (expenses that you pay each year as a percentage of the value of your investment):

Inst

Class

Management Fees

[ ]

Distribution and/or Service (12b

1) Fees

[ ]

Total Annual Fund Operating Expenses

[ ]

Fee Waiver and/or Expense Reimbursement(1)

[ ]

Total Annual Fund Operating Expenses After Fee Waiver and/or Expense Reimbursement

[ ]",{'source': 'MutualFundSummary/PIMCO Gurtin California Municipal Opportunistic Value Fund.txt'}
PIMCO Gurtin National Municipal Intermediate Value Fund,Fixed Income Long Only (Low Risk),"PIMCO Gurtin National Municipal Intermediate Value Fund <head_breaker>

PIMCO Gurtin National Municipal Intermediate Value Fund

Investment Objective

The Fund seeks to provide current income exempt from regular federal income tax while seeking to preserve capital and liquidity.

Fees and Expenses of the Fund

This table describes the fees and expenses that you may pay if you buy and hold shares of the Fund:

Shareholder Fees (fees paid directly from your investment): None

Annual Fund Operating Expenses (expenses that you pay each year as a percentage of the value of your investment):

Inst

Class

Management Fees

[ ]

Distribution and/or Service (12b

1) Fees

[ ]

Total Annual Fund Operating Expenses

[ ]

Fee Waiver and/or Expense Reimbursement(1)

[ ]

Total Annual Fund Operating Expenses After Fee Waiver and/or Expense Reimbursement

[ ]",{'source': 'MutualFundSummary/PIMCO Gurtin National Municipal Intermediate Value Fund.txt'}
PIMCO Gurtin National Municipal Opportunistic Value Fund,Fixed Income Long Only (Low Risk),"PIMCO Gurtin National Municipal Opportunistic Value Fund <head_breaker>

PIMCO Gurtin National Municipal Opportunistic Value Fund

Investment Objective

The Fund seeks to provide current income exempt from regular federal income tax while seeking to preserve capital and liquidity.

Fees and Expenses of the Fund

This table describes the fees and expenses that you may pay if you buy and hold shares of the Fund:

Shareholder Fees (fees paid directly from your investment): None

Annual Fund Operating Expenses (expenses that you pay each year as a percentage of the value of your investment):

Inst

Class

Management Fees

[ ]

Distribution and/or Service (12b

1) Fees

[ ]

Total Annual Fund Operating Expenses

[ ]

Fee Waiver and/or Expense Reimbursement(1)

[ ]

Total Annual Fund Operating Expenses After Fee Waiver and/or Expense Reimbursement

[ ]",{'source': 'MutualFundSummary/PIMCO Gurtin National Municipal Opportunistic Value Fund.txt'}
PIMCO REALPATH 2020 Fund,Balanced Fund (Low Risk),"The PIMCO REALPATH® 2020 Fund (the ""Fund"") is intended for investors seeking professional management of a comprehensive asset allocation strategy for retirement savings. The Fund is managed for shareholders that plan to retire or begin withdrawing assets around the year 2020, the Fund's target year. This is the ""self-elected"" year of retirement for the investors in the Fund. The primary difference between the PIMCO REALPATH® Funds is their asset allocation, which varies depending on the number of years left until the ""self-elected"" year of retirement indicated in the PIMCO REALPATH® Fund's name. The Fund's allocation is intended to meaningfully reduce risk and increasingly focus on preservation of capital as the target retirement date of the Fund nears. An investment in the Fund is not guaranteed, and you may experience losses, including losses near, at, or after the target year indicated in the Fund's name. There is no guarantee that the Fund will provide adequate income at and",{'source': 'MutualFundSummary/PIMCO REALPATH 2020 Fund.txt'}
PIMCO REALPATH 2025 Fund,Balanced Fund (Low Risk),"The PIMCO REALPATH® 2025 Fund (the ""Fund"") is intended for investors seeking professional management of a comprehensive asset allocation strategy for retirement savings. The Fund is managed for shareholders that plan to retire or begin withdrawing assets around the year 2025, the Fund's target year. This is the ""self-elected"" year of retirement for the investors in the Fund. The primary difference between the PIMCO REALPATH® Funds is their asset allocation, which varies depending on the number of years left until the ""self-elected"" year of retirement indicated in the PIMCO REALPATH® Fund's name. The Fund's allocation is intended to meaningfully reduce risk and increasingly focus on preservation of capital as the target retirement date of the Fund nears. An investment in the Fund is not guaranteed, and you may experience losses, including losses near, at, or after the target year indicated in the Fund's name. There is no guarantee that the Fund will provide adequate income at and",{'source': 'MutualFundSummary/PIMCO REALPATH 2025 Fund.txt'}
PIMCO REALPATH 2030 Fund,Balanced Fund (Low Risk),"The PIMCO REALPATH® 2030 Fund (the ""Fund"") is intended for investors seeking professional management of a comprehensive asset allocation strategy for retirement savings. The Fund is managed for shareholders that plan to retire or begin withdrawing assets around the year 2030, the Fund's target year. This is the ""self-elected"" year of retirement for the investors in the Fund. The primary difference between the PIMCO REALPATH® Funds is their asset allocation, which varies depending on the number of years left until the ""self-elected"" year of retirement indicated in the PIMCO REALPATH® Fund's name. The Fund's allocation is intended to meaningfully reduce risk and increasingly focus on preservation of capital as the target retirement date of the Fund nears. An investment in the Fund is not guaranteed, and you may experience losses, including losses near, at, or after the target year indicated in the Fund's name. There is no guarantee that the Fund will provide adequate income at and",{'source': 'MutualFundSummary/PIMCO REALPATH 2030 Fund.txt'}
PIMCO REALPATH 2035 Fund,Balanced Fund (Low Risk),"The PIMCO REALPATH® 2035 Fund (the ""Fund"") is intended for investors seeking professional management of a comprehensive asset allocation strategy for retirement savings. The Fund is managed for shareholders that plan to retire or begin withdrawing assets around the year 2035, the Fund's target year. This is the ""self-elected"" year of retirement for the investors in the Fund. The primary difference between the PIMCO REALPATH® Funds is their asset allocation, which varies depending on the number of years left until the ""self-elected"" year of retirement indicated in the PIMCO REALPATH® Fund's name. The Fund's allocation is intended to meaningfully reduce risk and increasingly focus on preservation of capital as the target retirement date of the Fund nears. An investment in the Fund is not guaranteed, and you may experience losses, including losses near, at, or after the target year indicated in the Fund's name. There is no guarantee that the Fund will provide adequate income at and",{'source': 'MutualFundSummary/PIMCO REALPATH 2035 Fund.txt'}
PIMCO REALPATH 2040 Fund,Balanced Fund (Low Risk),"The PIMCO REALPATH® 2040 Fund (the ""Fund"") is intended for investors seeking professional management of a comprehensive asset allocation strategy for retirement savings. The Fund is managed for shareholders that plan to retire or begin withdrawing assets around the year 2040, the Fund's target year. This is the ""self-elected"" year of retirement for the investors in the Fund. The primary difference between the PIMCO REALPATH® Funds is their asset allocation, which varies depending on the number of years left until the ""self-elected"" year of retirement indicated in the PIMCO REALPATH® Fund's name. The Fund's allocation is intended to meaningfully reduce risk and increasingly focus on preservation of capital as the target retirement date of the Fund nears. An investment in the Fund is not guaranteed, and you may experience losses, including losses near, at, or after the target year indicated in the Fund's name. There is no guarantee that the Fund will provide adequate income at and",{'source': 'MutualFundSummary/PIMCO REALPATH 2040 Fund.txt'}
PIMCO REALPATH 2045 Fund,Balanced Fund (Low Risk),"The PIMCO REALPATH® 2045 Fund (the ""Fund"") is intended for investors seeking professional management of a comprehensive asset allocation strategy for retirement savings. The Fund is managed for shareholders that plan to retire or begin withdrawing assets around the year 2045, the Fund's target year. This is the ""self-elected"" year of retirement for the investors in the Fund. The primary difference between the PIMCO REALPATH® Funds is their asset allocation, which varies depending on the number of years left until the ""self-elected"" year of retirement indicated in the PIMCO REALPATH® Fund's name. The Fund's allocation is intended to meaningfully reduce risk and increasingly focus on preservation of capital as the target retirement date of the Fund nears. An investment in the Fund is not guaranteed, and you may experience losses, including losses near, at, or after the target year indicated in the Fund's name. There is no guarantee that the Fund will provide adequate income at and",{'source': 'MutualFundSummary/PIMCO REALPATH 2045 Fund.txt'}
PIMCO REALPATH 2055,Balanced Fund (Low Risk),"The PIMCO REALPATH® 2055 Fund (the ""Fund"") is intended for investors seeking professional management of a comprehensive asset allocation strategy for retirement savings. The Fund is managed for shareholders that plan to retire or begin withdrawing assets around the year 2055, the Fund's target year. This is the ""self-elected"" year of retirement for the investors in the Fund. The primary difference between the PIMCO REALPATH® Funds is their asset allocation, which varies depending on the number of years left until the ""self-elected"" year of retirement indicated in the PIMCO REALPATH® Fund's name. The Fund's allocation is intended to meaningfully reduce risk and increasingly focus on preservation of capital as the target retirement date of the Fund nears. An investment in the Fund is not guaranteed, and you may experience losses, including losses near, at, or after the target year indicated in the Fund's name. There is no guarantee that the Fund will provide adequate income at and",{'source': 'MutualFundSummary/PIMCO REALPATH 2055.txt'}
PIMCO REALPATH 2050 Fund,Balanced Fund (Low Risk),"The PIMCO REALPATH® 2050 Fund (the ""Fund"") is intended for investors seeking professional management of a comprehensive asset allocation strategy for retirement savings. The Fund is managed for shareholders that plan to retire or begin withdrawing assets around the year 2050, the Fund's target year. This is the ""self-elected"" year of retirement for the investors in the Fund. The primary difference between the PIMCO REALPATH® Funds is their asset allocation, which varies depending on the number of years left until the ""self-elected"" year of retirement indicated in the PIMCO REALPATH® Fund's name. The Fund's allocation is intended to meaningfully reduce risk and increasingly focus on preservation of capital as the target retirement date of the Fund nears. An investment in the Fund is not guaranteed, and you may experience losses, including losses near, at, or after the target year indicated in the Fund's name. There is no guarantee that the Fund will provide adequate income at and",{'source': 'MutualFundSummary/PIMCO REALPATH 2050 Fund.txt'}
Pioneer Dynamic Credit Fund,Fixed Income Long Only (Low Risk),"Pioneer Dynamic Credit Fund

<head_breaker>

Fund summary

INVESTMENT OBJECTIVES A high level of current income. Capital appreciation is a secondary objective.

FEES AND EXPENSES OF THE FUND This table describes the fees and expenses that you may pay if you buy and hold shares of the fund.",{'source': 'MutualFundSummary/Pioneer Dynamic Credit Fund.txt'}
Pioneer Fundamental Growth Fund,Equity Long Only (Low Risk),"Pioneer Fundamental Growth Fund

<head_breaker>

Fund summary

INVESTMENT OBJECTIVE

Long

term capital growth.

FEES AND EXPENSES OF THE FUND This table describes the fees and expenses that you may pay if you buy and hold shares of the fund.",{'source': 'MutualFundSummary/Pioneer Fundamental Growth Fund.txt'}
Pioneer Global High Yield Fund,Balanced Fund (Low Risk),"Pioneer Global High Yield Fund <head_breaker>

Fund summary

INVESTMENT OBJECTIVE Maximize total return through a combination of income and capital appreciation.

FEES AND EXPENSES OF THE FUND This table describes the fees and expenses that you may pay if you buy and hold shares of the fund.

You may qualify for sales charge discounts if you or your family invest, or agree to invest in the future, at least $100,000 in Class A shares of the Pioneer funds. More information about these and other discounts is available from your investment professional and in the ""Sales charges"" section of the prospectus beginning on page 59, the ""Intermediary defined sales charge waiver policies"" section of the prospectus beginning on page 97, and the ""Sales charges"" section of the statement of additional information beginning on page 65.",{'source': 'MutualFundSummary/Pioneer Global High Yield Fund.txt'}
Pioneer Global Multisector Income Fund,Fixed Income Long Only (Low Risk),"Pioneer Global Multisector Income Fund <head_breaker>

Fund summary

INVESTMENT OBJECTIVE A high level of current income.

FEES AND EXPENSES OF THE FUND This table describes the fees and expenses that you may pay if you buy and hold shares of the fund.

You may qualify for sales charge discounts if you or your family invest, or agree to invest in the future, at least $100,000 in Class A shares of the Pioneer funds. More information about these and other discounts is available from your investment professional and in the ""Sales charges"" section of the prospectus beginning on page 58, the ""Intermediary defined sales charge waiver policies"" section of the prospectus beginning on page 96, and the ""Sales charges"" section of the statement of additional information beginning on page 65.",{'source': 'MutualFundSummary/Pioneer Global Multisector Income Fund.txt'}
Pioneer Multi-Asset Ultrashort Income Fund,Fixed Income Long Only (Low Risk),"Pioneer Multi

Asset Ultrashort Income Fund

<head_breaker>

Fund summary

INVESTMENT OBJECTIVES A high level of current income to the extent consistent with a relatively high level of stability of principal.

FEES AND EXPENSES OF THE FUND This table describes the fees and expenses that you may pay if you buy and hold shares of the fund.",{'source': 'MutualFundSummary/Pioneer Multi-Asset Ultrashort Income Fund.txt'}
Portfolio Series - American Funds Global Growth Portfolio,Equity Long Only (Low Risk),"Portfolio Series - American Funds Global Growth Portfolio <head_breaker>

American Funds Global Growth Portfolio

Investment objective The fund’s investment objective is to provide long-term growth of capital.

Fees and expenses of the fund This table describes the fees and expenses that you may pay if you buy and hold an interest in Class 1, Class 1A or Class 2 shares of the fund. It does not reflect insurance contract fees and expenses. If insurance contract fees and expenses were reflected, expenses shown would be higher.",{'source': 'MutualFundSummary/Portfolio Series - American Funds Global Growth Portfolio.txt'}
Portfolio Series - American Funds Growth and Income Portfolio,Balanced Fund (Low Risk),"Portfolio Series - American Funds Growth and Income Portfolio <head_breaker>

American Funds Growth and Income Portfolio

Investment objective The fund’s investment objective is to provide long-term growth of capital while providing current income.

Fees and expenses of the fund This table describes the fees and expenses that you may pay if you buy and hold an interest in Class 1, Class 1A or Class 2 shares of the fund. It does not reflect insurance contract fees and expenses. If insurance contract fees and expenses were reflected, expenses shown would be higher.

Annual fund operating expenses (expenses that you pay each year as a percentage of the value of your investment)	Class 1	Class 1A	Class 2 Management fees	None	None	None Distribution fees	None	None	0.25% Other expenses*	0.03%	0.28%	0.03 Acquired (underlying) fund fees and expenses	0.44	0.44	0.44 Total annual fund operating expenses	0.47	0.72	0.72 * Based on estimated amounts for the current fiscal year.",{'source': 'MutualFundSummary/Portfolio Series - American Funds Growth and Income Portfolio.txt'}
Portfolio Series - American Funds Managed Risk Global Allocation Portfolio,Balanced Fund (Low Risk),"Portfolio Series - American Funds Managed Risk Global Allocation Portfolio <head_breaker>

American Funds Managed Risk Global Allocation Portfolio

Investment objective The fund’s investment objective is to provide high total return (including income and capital gains) consistent with preservation of capital over the long term while seeking to manage volatility and provide downside protection.

Fees and expenses of the fund This table describes the fees and expenses that you may pay if you buy and hold an interest in Class P1 shares of the fund. It does not reflect insurance contract fees and expenses. If insurance contract fees and expenses were reflected, expenses shown would be higher.",{'source': 'MutualFundSummary/Portfolio Series - American Funds Managed Risk Global Allocation Portfolio.txt'}
Portfolio Series - American Funds Managed Risk Growth and Income Portfolio,Balanced Fund (Low Risk),"Portfolio Series - American Funds Managed Risk Growth and Income Portfolio <head_breaker>

American Funds Managed Risk Growth and Income Portfolio

Investment objective The fund’s investment objective is to provide long-term growth of capital and current income while seeking to manage volatility and provide downside protection.

Fees and expenses of the fund This table describes the fees and expenses that you may pay if you buy and hold an interest in Class P1 shares of the fund. It does not reflect insurance contract fees and expenses. If insurance contract fees and expenses were reflected, expenses shown would be higher.",{'source': 'MutualFundSummary/Portfolio Series - American Funds Managed Risk Growth and Income Portfolio.txt'}
Portfolio Series - American Funds Managed Risk Growth Portfolio,Balanced Fund (Low Risk),"Portfolio Series - American Funds Managed Risk Growth Portfolio <head_breaker>

American Funds Managed Risk Growth Portfolio

Investment objective The fund’s investment objective is to provide long-term growth of capital while seeking to manage volatility and provide downside protection.

Fees and expenses of the fund This table describes the fees and expenses that you may pay if you buy and hold an interest in Class P1 shares of the fund. It does not reflect insurance contract fees and expenses. If insurance contract fees and expenses were reflected, expenses shown would be higher.",{'source': 'MutualFundSummary/Portfolio Series - American Funds Managed Risk Growth Portfolio.txt'}
Precious Metals and Minerals Fund,Balanced Fund (Low Risk),Precious Metals and Minerals Fund <head_breaker>,{'source': 'MutualFundSummary/Precious Metals and Minerals Fund.txt'}
PRIME MONEY MARKET FUND,Fixed Income Long Only (Low Risk),"2

Because high-quality debt securities are among the safest securities available, the interest they pay is among the lowest for income-paying securities. Accordingly, the yield on this fund will likely be lower than the yield on funds that invest in longer-term or lower-quality securities.

Principal Risks

Even though the fund’s investments are designed to minimize interest rate, liquidity and credit risk, the fund is still subject to some degree of risk.

Interest Rate Risk – Interest rate risk means that the value of debt securities and funds that hold them decline as interest rates rise. A sharp and unexpected rise in interest rates could cause the fund’s price to drop.",{'source': 'MutualFundSummary/PRIME MONEY MARKET FUND.txt'}
S&P 500 Index Fund,Equity Long Only (Low Risk),"S&P 500 Index Fund

<head_breaker>",{'source': 'MutualFundSummary/S_P 500 Index Fund.txt'}
Schwab California Municipal Money Fund,Balanced Fund (Low Risk),Schwab California Municipal Money Fund | Fund Summary9,{'source': 'MutualFundSummary/Schwab California Municipal Money Fund.txt'}
Schwab New York Municipal Money Fund,Balanced Fund (Low Risk),Schwab New York Municipal Money Fund | Fund Summary13,{'source': 'MutualFundSummary/Schwab New York Municipal Money Fund.txt'}
Science & Technology Fund,Equity Long Only (Low Risk),"Table of Contents A mutual fund portfolio consisting of investments related to the fields of science and technology is likely to be more volatile than a portfolio that is more widely diversified in other economic sectors. There is a possibility that the Fund’s investments in companies whose value is highly dependent on scientific and technological developments may be more volatile because of the short life cycles and competitive pressures of many of the products or services of these companies. Because of the competitiveness and rapid changes in the fields of science and technology, many of the companies in the Fund’s portfolio are subject to distinctive risks. The products and services of these companies may not be economically successful or may quickly become outdated. Additionally, many of these companies must comply with significant governmental regulations and may need governmental approval of their products and services. An investment in the Fund is not a deposit in USAA Federal",{'source': 'MutualFundSummary/Science _ Technology Fund.txt'}
SHORT DURATION INFLATION PROTECTION BOND FUND,Fixed Income Long Only (Low Risk),"Principal Investment Strategies

Under normal market conditions, the fund invests at least 80% of its net assets in inflation-linked debt securities. These securities include inflation-linked U.S. Treasury securities, inflation-linked securities issued by U.S. government agencies and instrumentalities other than the U.S. Treasury, and inflation-linked securities issued by other entities such as domestic and foreign corporations and governments. Inflation-linked securities are designed to protect the future purchasing power of the money invested in them.",{'source': 'MutualFundSummary/SHORT DURATION INFLATION PROTECTION BOND FUND.txt'}
SELECT FUND,Equity Long Only (Low Risk),"Principal Investment Strategies

The portfolio managers look for stocks of companies they believe will increase in value over time. The portfolio managers make their investment decisions based primarily on their analysis of individual companies, rather than on broad economic forecasts. Management of the fund is based on the belief that, over the long term, stock price movements follow growth in earnings, revenues and/or cash flow.",{'source': 'MutualFundSummary/SELECT FUND.txt'}
Short-Term Bond Fund,Fixed Income Long Only (Low Risk),"Short

Term Bond Fund

<head_breaker>",{'source': 'MutualFundSummary/Short-Term Bond Fund.txt'}
SMALL CAP GROWTH FUND,Equity Long Only (Low Risk),"Principal Investment Strategies

Under normal market conditions, the fund will invest at least 80% of its net assets in small cap companies. The portfolio managers consider small cap companies to include those with a market capitalization that does not exceed that of the largest company in the Russell 2000 Growth Index.",{'source': 'MutualFundSummary/SMALL CAP GROWTH FUND.txt'}
Small Cap Stock Fund,Equity Long Only (Low Risk),"Small Cap Stock Fund

<head_breaker>",{'source': 'MutualFundSummary/Small Cap Stock Fund.txt'}
SUSTAINABLE EQUITY FUND,Equity Long Only (Low Risk),"2#

Principal Investment Strategies

The fund will generally invest in larger-sized companies using a quantitative model that combines fundamental measures of a stock’s value and growth potential. To measure value, the managers may use ratios of stock price-to-earnings and stock price-to-cash flow, among others. To measure growth, the managers may use the rate of growth of a company’s earnings and cash flow and changes in its earnings estimates, as well as other factors. The model also considers price momentum. The portfolio managers also take environmental, social and governance (""ESG"") factors into account in making investment decisions.  The portfolio managers attempt to build a portfolio of stocks that provides better returns than, and a dividend yield comparable to, the S&P 500® Index, without taking on significant additional risk.

Under normal market conditions, the fund will invest at least 80% of its net assets in equity securities.",{'source': 'MutualFundSummary/SUSTAINABLE EQUITY FUND.txt'}
Swan Defined Risk Emerging Markets Fund,Balanced Fund (Low Risk),"Swan Defined Risk Emerging Markets Fund <head_breaker>

FUND SUMMARY – SWAN DEFINED RISK EMERGING MARKETS FUND

Investment Objective: The Fund seeks income and growth of capital.

Fees and Expenses of the Fund: This table describes the fees and expenses that you may pay if you buy and hold shares of the Fund. You may qualify for sales charge discounts on purchases of Class A shares if you and your family invest, or agree to invest in the future, at least $50,000 in the Fund. More information about these and other discounts is available from your financial professional and in How to Purchase Shares on page 35 of the Fund’s Prospectus. In addition, descriptions of the sales load waivers and/or discounts for Class A shares with respect to certain financial intermediaries are reproduced in “Appendix A: Intermediary-Specific Sales Charge Waivers and Discounts” to the Prospectus based on information provided by the financial intermediary.

Shareholder Fees",{'source': 'MutualFundSummary/Swan Defined Risk Emerging Markets Fund.txt'}
Swan Defined Risk Foreign Developed Fund,Balanced Fund (Low Risk),"Swan Defined Risk Foreign Developed Fund <head_breaker>

FUND SUMMARY – SWAN DEFINED RISK FOREIGN DEVELOPED FUND

Investment Objective: The Fund seeks income and growth of capital.

Fees and Expenses of the Fund: This table describes the fees and expenses that you may pay if you buy and hold shares of the Fund. You may qualify for sales charge discounts on purchases of Class A shares if you and your family invest, or agree to invest in the future, at least $50,000 in the Fund. More information about these and other discounts is available from your financial professional and in How to Purchase Shares on page 35 of the Fund’s Prospectus. In addition, descriptions of the sales load waivers and/or discounts for Class A shares with respect to certain financial intermediaries are reproduced in “Appendix A: Intermediary-Specific Sales Charge Waivers and Discounts” to the Prospectus based on information provided by the financial intermediary.

Shareholder Fees",{'source': 'MutualFundSummary/Swan Defined Risk Foreign Developed Fund.txt'}
Swan Defined Risk Fund,Balanced Fund (Low Risk),"Swan Defined Risk Fund

<head_breaker>

FUND SUMMARY – SWAN DEFINED RISK FUND

Investment Objective: The Fund seeks income and growth of capital.

Fees and Expenses of the Fund: This table describes the fees and expenses that you may pay if you buy and hold shares of the Fund. You may qualify for sales charge discounts on purchases of Class A shares if you and your family invest, or agree to invest in the future, at least $50,000 in the Fund. More information about these and other discounts is available from your financial professional and in How to Purchase Shares on page 35 of the Fund’s Prospectus. In addition, descriptions of the sales load waivers and/or discounts for Class A shares with respect to certain financial intermediaries are reproduced in “Appendix A: Intermediary-Specific Sales Charge Waivers and Discounts” to the Prospectus based on information provided by the financial intermediary.

Shareholder Fees

(fees paid directly from your investment)",{'source': 'MutualFundSummary/Swan Defined Risk Fund.txt'}
Swan Defined Risk U.S. Small Cap Fund,Equity Long Only (Low Risk),"Swan Defined Risk U.S. Small Cap Fund <head_breaker>

FUND SUMMARY – SWAN DEFINED RISK U.S. SMALL CAP FUND

Investment Objective: The Fund seeks income and growth of capital.

Fees and Expenses of the Fund: This table describes the fees and expenses that you may pay if you buy and hold shares of the Fund. You may qualify for sales charge discounts on purchases of Class A shares if you and your family invest, or agree to invest in the future, at least $50,000 in the Fund. More information about these and other discounts is available from your financial professional and in How to Purchase Shares on page 35 of the Fund’s Prospectus. In addition, descriptions of the sales load waivers and/or discounts for Class A shares with respect to certain financial intermediaries are reproduced in “Appendix A: Intermediary-Specific Sales Charge Waivers and Discounts” to the Prospectus based on information provided by the financial intermediary.

Shareholder Fees",{'source': 'MutualFundSummary/Swan Defined Risk U.S. Small Cap Fund.txt'}
T. Rowe Price Africa & Middle East Fund,Equity Long Only (Low Risk),"Investments, Risks, and Performance

Principal Investment Strategies The fund normally invests at least 80% of its net assets (including any borrowings for investment purposes) in African and Middle Eastern companies. For purposes of determining whether the fund invests at least 80% of its net assets in African and Middle Eastern companies, the fund relies on the country assigned to a security by MSCI Inc. or another unaffiliated data provider. The fund expects to primarily invest in common stocks and participation notes (P-notes) linked to common stocks of companies located (or with primary operations) in Africa and the Middle East. The countries in which the fund normally invests include, but are not limited to, the following:

Primary Emphasis: Bahrain, Egypt, Jordan, Kenya, Kuwait, Lebanon, Morocco, Nigeria, Oman, Qatar, Saudi Arabia, South Africa, and United Arab Emirates.",{'source': 'MutualFundSummary/T. Rowe Price Africa _ Middle East Fund.txt'}
T. Rowe Price Asia Opportunities Fund,Equity Long Only (Low Risk),"Investments, Risks, and Performance

Principal Investment Strategies The fund normally invests at least 80% of its net assets (including any borrowings for investment purposes) in stocks issued by companies that are located in, or that have economic ties to, Asia (excluding Japan). For purposes of determining whether the fund invests at least 80% of its net assets in Asian companies, the fund relies on the

SUMMARY

3

country assigned to a security by MSCI Inc. or another unaffiliated data provider. The Asian countries in which the fund normally invests include, but are not limited to, the following:

Primary Emphasis: China, Hong Kong, India, Indonesia, Malaysia, Philippines, Singapore, South Korea, Taiwan, and Thailand.

Others: Pakistan, Sri Lanka, and Vietnam.",{'source': 'MutualFundSummary/T. Rowe Price Asia Opportunities Fund.txt'}
T. Rowe Price Emerging Europe Fund,Balanced Fund (Low Risk),"Primary Emphasis: Czech Republic, Greece, Hungary, Kazakhstan, Poland, Russia, Turkey, and Ukraine.

Others: Bulgaria, Croatia, Estonia, Georgia, Latvia, Lithuania, Romania, Slovakia, and Slovenia.

The emerging European investable universe, due to its limited geographic scope and less developed markets, tends to rely heavily on the success of certain industries and sectors. As a result, the fund may invest up to 35% of its net assets in any industry that accounts for more than 20% of the emerging European market as a whole, as measured by an index determined by T. Rowe Price to be an appropriate measure of the emerging European market (currently MSCI Emerging Markets Europe Index).

Summary

3

The fund is “nondiversified,” meaning it may invest a greater portion of its assets in a single company and own more of the company’s voting securities than is permissible for a “diversified” fund. The fund may purchase the stocks of companies of any size.",{'source': 'MutualFundSummary/T. Rowe Price Emerging Europe Fund.txt'}
T. Rowe Price Emerging Markets Stock Fund,Equity Long Only (Low Risk),"T. Rowe Price Emerging Markets Stock Fund <head_breaker>

nvestment Objective

The fund seeks long

term growth of capital.

Fees and Expenses

This table describes the fees and expenses that you may pay if you buy and hold shares of the fund. You may also incur brokerage commissions and other charges when buying or selling shares of the fund, which are not reflected in the table.

Fees and Expenses of the Fund

Investor

Class

I

Class

Advisor

Class

Shareholder fees (fees paid directly from your investment)

Redemption fee (as a percentage of amount redeemed on shares held for 90 days or less)a

2.00

%

2.00

%

2.00

%

Maximum account fee

$20

b

—

—

Annual fund operating expenses (expenses that you pay each year as a percentage of the value of your investment)

Management fees

0.79

%

0.79

%

0.79

%

Distribution and service (12b

1) fees

—

—

0.25

Other expenses

0.53

0.31

e

0.57

Total annual fund operating expenses

1.32

1.10

1.61",{'source': 'MutualFundSummary/T. Rowe Price Emerging Markets Stock Fund.txt'}
T. Rowe Price Emerging Markets Value Stock Fund,Equity Long Only (Low Risk),"The performance for the periods shown reflects the performance of the fund while it was named the T. Rowe Price Emerging Markets Value Stock Fund. Effective March 1, 2019, the T. Rowe Price Emerging Markets Value Stock Fund was renamed the T.  Rowe Price Emerging Markets Discovery Stock Fund.

The following bar chart illustrates how much returns can differ from year to year by showing calendar year returns and the best and worst calendar quarter returns during those years for the fund’s Investor Class. Returns for other share classes vary since they have different expenses.

T. ROWE PRICE

6

The following table shows the average annual total returns for each class of the fund that has been in operation for at least one full calendar year, and also compares the returns with the returns of a relevant broad-based market index, as well as with the returns of one or more comparative indexes that have investment characteristics similar to those of the fund.",{'source': 'MutualFundSummary/T. Rowe Price Emerging Markets Value Stock Fund.txt'}
T. Rowe Price Institutional Emerging Markets Bond Fund,Fixed Income Long Only (Low Risk),"Investments, Risks, and Performance

Principal Investment Strategies The fund will normally invest at least 80% (and potentially all) of its net assets (including any borrowings for investment purposes) in debt securities of emerging market governments or companies located in emerging market countries. The fund considers frontier markets to be a subset of emerging markets and any investments in frontier markets will be counted toward the fund’s 80% investment policy. The fund relies on a classification by either JP Morgan or the

T. Rowe Price

2",{'source': 'MutualFundSummary/T. Rowe Price Institutional Emerging Markets Bond Fund.txt'}
T. Rowe Price Institutional Africa & Middle East Fund,Equity Long Only (Low Risk),"T. Rowe Price Institutional Africa & Middle East Fund <head_breaker>

SUMMARY

Investment Objective

The fund seeks long-term growth of capital by investing primarily in the common stocks of companies located (or with primary operations) in Africa and the Middle East.

Fees and Expenses

This table describes the fees and expenses that you may pay if you buy and hold shares of the fund. You may also incur brokerage commissions and other charges when buying or selling shares of the fund, which are not reflected in the table.

Fees and Expenses of the Fund

Shareholder fees (fees paid directly from your investment)

Redemption fee (as a percentage of amount redeemed on shares held for 90 days or less)

2.00

%

Annual fund operating expenses (expenses that you pay each year as a percentage of the value of your investment)

Management fees

1.00

%

Other expenses

0.21

Total annual fund operating expenses

1.21",{'source': 'MutualFundSummary/T. Rowe Price Institutional Africa _ Middle East Fund.txt'}
T. Rowe Price Institutional Emerging Markets Equity Fund,Equity Long Only (Low Risk),"T. Rowe Price

2

which countries are considered emerging markets and relies on the country assigned to a security by MSCI Inc. or another unaffiliated data provider. The fund considers frontier markets to be a subset of emerging markets and any investments in frontier markets will be counted toward the fund’s 80% investment policy. The fund expects to primarily invest in common stocks of companies located (or with primary operations) in emerging markets in Latin America, Asia, Europe, Africa, and the Middle East. The countries in which the fund normally invests include, but are not limited to, the following:

Asia: China, India, Indonesia, Malaysia, Pakistan, Philippines, South Korea, Sri Lanka, Taiwan, Thailand, and Vietnam.

Latin America: Argentina, Belize, Brazil, Chile, Colombia, Mexico, Panama, Peru, and Venezuela.

Europe: Croatia, Czech Republic, Estonia, Greece, Hungary, Kazakhstan, Latvia, Lithuania, Poland, Romania, Russia, Slovakia, Slovenia, Turkey, and Ukraine.",{'source': 'MutualFundSummary/T. Rowe Price Institutional Emerging Markets Equity Fund.txt'}
T. Rowe Price Institutional Frontier Markets Equity Fund,Equity Long Only (Low Risk),"Investments, Risks, and Performance

Principal Investment Strategies The fund normally invests at least 80% of its net assets (including any borrowings for investment purposes) in equity securities and equity-related investments of companies that are located in, or that have economic ties to, countries considered to be frontier markets. For purposes of determining whether the fund invests at least 80% in frontier markets, the fund relies on the country assigned to a security by MSCI Inc. or another unaffiliated data provider. The fund may purchase securities issued by companies of any size, but typically seeks larger companies to the extent opportunities are available within frontier markets. The fund expects to make most of its investments in companies in frontier markets in Africa, the Middle East, Asia, Europe, and Latin America.",{'source': 'MutualFundSummary/T. Rowe Price Institutional Frontier Markets Equity Fund.txt'}
T. Rowe Price Institutional Global Focused Growth Equity Fund,Equity Long Only (Low Risk),"T. Rowe Price Institutional Global Focused Growth Equity Fund <head_breaker>

SUMMARY

Investment Objective

The fund seeks long-term growth of capital through investments primarily in the common stocks of established companies throughout the world, including the U.S.

Fees and Expenses

This table describes the fees and expenses that you may pay if you buy and hold shares of the fund. You may also incur brokerage commissions and other charges when buying or selling shares of the fund, which are not reflected in the table.

Fees and Expenses of the Fund

Shareholder fees (fees paid directly from your investment)

Redemption fee (as a percentage of amount redeemed on shares held for 90 days or less)

2.00

%

Annual fund operating expenses (expenses that you pay each year as a percentage of the value of your investment)

Management fees

0.65

%

Other expenses

0.67

Total annual fund operating expenses

1.32

Fee waiver/expense reimbursement

(0.56

)a",{'source': 'MutualFundSummary/T. Rowe Price Institutional Global Focused Growth Equity Fund.txt'}
T. Rowe Price Institutional Global Value Equity Fund,Equity Long Only (Low Risk),"While the adviser invests with an awareness of the global economic landscape and the outlook for certain industries and countries, stock selection is driven mainly by fundamental research that seeks to identify companies that are undervalued but have the potential for improving earnings over time. The fund’s value approach to investing relies on a global research team that searches for companies that appear to be undervalued by various measures and may be temporarily out of favor but have good prospects for capital appreciation or dividend growth. The fund may at times invest significantly in certain sectors, such as the financials sector.

In selecting investments, the adviser generally favors companies with one or more of the following characteristics:

low valuation on various earnings, book value, sales, and cash flow metrics, in absolute terms and/or relative to the company’s peers or its own historical norm;

low valuation relative to a company’s fundamentals;",{'source': 'MutualFundSummary/T. Rowe Price Institutional Global Value Equity Fund.txt'}
T. Rowe Price Institutional Global Growth Equity Fund,Equity Long Only (Low Risk),"T. Rowe Price Institutional Global Growth Equity Fund <head_breaker>

SUMMARY

Investment Objective

The fund seeks long-term growth of capital through investments primarily in the common stocks of large-cap companies throughout the world, including the U.S.

Fees and Expenses

This table describes the fees and expenses that you may pay if you buy and hold shares of the fund. You may also incur brokerage commissions and other charges when buying or selling shares of the fund, which are not reflected in the table.

Fees and Expenses of the Fund

Shareholder fees (fees paid directly from your investment)

Redemption fee (as a percentage of amount redeemed on shares held for 90 days or less)

2.00

%

Annual fund operating expenses (expenses that you pay each year as a percentage of the value of your investment)

Management fees

0.65

%

Other expenses

0.09

Total annual fund operating expenses

0.74

Fee waiver/expense reimbursement

0.01

a",{'source': 'MutualFundSummary/T. Rowe Price Institutional Global Growth Equity Fund.txt'}
T. Rowe Price Institutional International Bond Fund,Fixed Income Long Only (Low Risk),"Investments, Risks, and Performance

Principal Investment Strategies Normally, the fund will invest at least 80% of its net assets (including any borrowings for investment purposes) in foreign bonds and 65% of its net assets in non-U.S. dollar-denominated foreign bonds that are rated investment-grade (i.e., BBB- or equivalent, or better), as determined by at least one major credit rating agency or, if unrated, deemed to be of comparable quality by T. Rowe Price. If a bond is split-rated (i.e., assigned different ratings by different

T. Rowe Price

2",{'source': 'MutualFundSummary/T. Rowe Price Institutional International Bond Fund.txt'}
T. Rowe Price Institutional International Concentrated Equity Fund,Equity Long Only (Low Risk),"T. Rowe Price Institutional International Concentrated Equity Fund <head_breaker>

SUMMARY

Investment Objective

The fund seeks long-term growth of capital through investments in stocks of non-U.S. companies.

Fees and Expenses

This table describes the fees and expenses that you may pay if you buy and hold shares of the fund. You may also incur brokerage commissions and other charges when buying or selling shares of the fund, which are not reflected in the table.

Fees and Expenses of the Fund

Shareholder fees (fees paid directly from your investment)

Redemption fee (as a percentage of amount redeemed on shares held for 90 days or less)

2.00

%

Annual fund operating expenses (expenses that you pay each year as a percentage of the value of your investment)

Management fees

0.65

%

Other expenses

0.08

Total annual fund operating expenses

0.73

Fee waiver/expense reimbursement

0.02

a

Total annual fund operating expenses after fee waiver/expense reimbursement

0.75

a",{'source': 'MutualFundSummary/T. Rowe Price Institutional International Concentrated Equity Fund.txt'}
T. Rowe Price Institutional International Core Equity Fund,Balanced Fund (Low Risk),"The fund takes a core approach to investing, which provides some exposure to both growth and value styles of investing. The adviser relies on a global research team to search for particularly promising stocks. The adviser will select securities that the adviser believes have the most favorable combination of company fundamentals and valuation.

In selecting investments, the adviser generally favors companies with one or more of the following characteristics:

attractive business niche with potential for earnings growth;

attractive valuation relative to the company’s peers or its own historical norm;

barriers to entry in its business;

seasoned management;

healthy balance sheet; and

potential to grow dividends or conduct share repurchases.

The fund may sell securities for a variety of reasons, such as to secure gains, limit losses, or redeploy assets into more promising opportunities.",{'source': 'MutualFundSummary/T. Rowe Price Institutional International Core Equity Fund.txt'}
T. Rowe Price Institutional International Growth Equity Fund,Equity Long Only (Low Risk),"T. Rowe Price Institutional International Growth Equity Fund <head_breaker>

SUMMARY

Investment Objective

The fund seeks long-term growth of capital through investments primarily in the common stocks of established, non-U.S. companies.

Fees and Expenses

This table describes the fees and expenses that you may pay if you buy and hold shares of the fund. You may also incur brokerage commissions and other charges when buying or selling shares of the fund, which are not reflected in the table.

Fees and Expenses of the Fund

Shareholder fees (fees paid directly from your investment)

Redemption fee (as a percentage of amount redeemed on shares held for 90 days or less)

2.00

%

Annual fund operating expenses (expenses that you pay each year as a percentage of the value of your investment)

Management fees

0.70

%

Other expenses

0.53

Total annual fund operating expenses

1.23

Fee waiver/expense reimbursement

(0.47

)a",{'source': 'MutualFundSummary/T. Rowe Price Institutional International Growth Equity Fund.txt'}
Thrivent Partner Healthcare Portfolio,Balanced Fund (Low Risk),"Thrivent Partner Healthcare Portfolio

<head_breaker>",{'source': 'MutualFundSummary/Thrivent Partner Healthcare Portfolio.txt'}
Total Return Strategy Fund,Balanced Fund (Low Risk),"Total Return Strategy Fund

<head_breaker>",{'source': 'MutualFundSummary/Total Return Strategy Fund.txt'}
Treasury Money Market Trust,Balanced Fund (Low Risk),"Treasury Money Market Trust

<head_breaker>",{'source': 'MutualFundSummary/Treasury Money Market Trust.txt'}
U.S. Government/AAA-Rated Securities Fund,Fixed Income Long Only (Low Risk),"Principal investment strategies Normally, the fund invests at least 80% of its assets in debt securities (which may be represented by other investment instruments, including derivatives) that are guaranteed or sponsored by the U.S. government or that are otherwise rated Aaa or AAA by Nationally Recognized Statistical Rating Organizations designated by the fund’s investment adviser or unrated but determined to be of equivalent quality by the fund’s investment adviser. The fund is designed for investors seeking income, long-term capital preservation and more price stability than investments in stocks and lower quality debt securities.",{'source': 'MutualFundSummary/U.S. GovernmentAAA-Rated Securities Fund.txt'}
Ultra-Short Bond Fund,Fixed Income Long Only (Low Risk),"Ultra

Short Bond Fund

<head_breaker>

Ultra

Short Bond Fund

Investment objective The investment objective of the fund is to provide current income, consistent with the maturity and quality standards applicable to the fund, and preservation of capital and liquidity.

Fees and expenses of the fund This table describes the fees and expenses that you may pay if you buy and hold an interest in Class 1 shares of the fund. It does not reflect insurance contract fees and expenses. If insurance contract fees and expenses were reflected, expenses shown would be higher.

Annual fund operating expenses (expenses that you pay each year as a percentage of the value of your investment)	Class 1 Management fee	0.32% Other expenses	0.03 Total annual fund operating expenses	0.35 Example This example is intended to help you compare the cost of investing in Class 1 shares of the fund with the cost of investing in other mutual funds.",{'source': 'MutualFundSummary/Ultra-Short Bond Fund.txt'}
ULTRA FUND,Equity Long Only (Low Risk),"ULTRA FUND

<head_breaker>

Fund Summary

Investment Objective

The fund seeks long-term capital growth.

Fees and Expenses

The following table describes the fees and expenses you may pay if you buy and hold shares of the fund. You may qualify for sales charge discounts if you and your family invest, or agree to invest in the future, at least $50,000 in American Century Investments funds. More information about these and other discounts is available from your financial professional and in Calculation of Sales Charges on page 13 of the fund’s prospectus, Appendix A of the fund’s prospectus and Sales Charges in Appendix B of the statement of additional information.

Shareholder Fees (fees paid directly from your investment)

Investor

I1

Y

A

C

R

R5

R6

Maximum Sales Charge (Load) Imposed on Purchases (as a percentage of offering price)

None

None

None

5.75%

None

None

None

None",{'source': 'MutualFundSummary/ULTRA FUND.txt'}
USAA MSCI Emerging Markets Value Momentum Blend Index ETF,Equity Long Only (Low Risk),"INVESTMENT OBJECTIVE The USAA MSCI Emerging Markets Value Momentum Blend Index ETF seeks to provide investment results that closely correspond, before fees and expenses, to the performance of the MSCI Emerging Markets Select Value Momentum Blend Index (the “Index”). FEES AND EXPENSES The table below describes the fees and expenses that you may pay, directly and indirectly, to invest in the Fund. The annual fund operating expenses are based on expenses incurred during the Fund’s most recently completed fiscal period. You also may pay brokerage commissions on the purchase and sale of shares of the Fund, which are not reflected in the table below. Annual Fund Operating Expenses (expenses that you pay each year as a percentage of the value of your investment) Management Fee	0.30% Distribution and/or Service (12b-1) Fees	None Other Expenses (inclusive of Administration and Operating Services Fees)	0.20%a Total Annual Fund Operating Expenses	0.50% Fee Waiver	(0.05%)b Total Annual Fund",{'source': 'MutualFundSummary/USAA MSCI Emerging Markets Value Momentum Blend Index ETF.txt'}
USAA MSCI International Value Momentum Blend Index ETF,Equity Long Only (Low Risk),USAA MSCI International Value Momentum Blend Index ETF <head_breaker>,{'source': 'MutualFundSummary/USAA MSCI International Value Momentum Blend Index ETF.txt'}
USAA MSCI USA Small Cap Value Momentum Blend Index ETF,Equity Long Only (Low Risk),USAA MSCI USA Small Cap Value Momentum Blend Index ETF <head_breaker>,{'source': 'MutualFundSummary/USAA MSCI USA Small Cap Value Momentum Blend Index ETF.txt'}
USAA MSCI USA Value Momentum Blend Index ETF,Equity Long Only (Low Risk),USAA MSCI USA Value Momentum Blend Index ETF <head_breaker>,{'source': 'MutualFundSummary/USAA MSCI USA Value Momentum Blend Index ETF.txt'}
UTILITIES FUND,Equity Long Only (Low Risk),"Principal Risks • Concentration Risk – The fund concentrates its investments in the utilities industry, which at times may be limited to a relatively small number of securities. Therefore, the fund may be subject to greater risks and market fluctuations than a portfolio representing a broader range of industries. The performance of the utilities industry will depend in part on investor perception of the sector relative to other sectors. Companies in the utilities industry are subject to various industry-specific risks. • Foreign Securities Risk – The fund may invest in foreign securities, which may be riskier than investing in U.S. securities. Securities of foreign issuers may be less liquid, more volatile and harder to value than U.S. securities. • Market Risk – The value of the fund’s shares will go up and down based on the performance of the companies whose securities it owns and other factors generally affecting the securities market. • Price Volatility – The value of the fund’s",{'source': 'MutualFundSummary/UTILITIES FUND.txt'}
Vanguard Energy Fund,Equity Long Only (Low Risk),"Principal Investment Strategies

Under normal circumstances, the Fund invests at least 80% of its assets in the common stocks of companies principally engaged in activities in the energy industry, such as the exploration, production, and transmission of energy or energy fuels; the making and servicing of component products for such activities; energy research; and energy conservation or pollution control. The Fund may invest in foreign stocks as part of its principal investment strategy. The Fund uses multiple investment advisors. Each advisor independently selects and maintains a portfolio of common stocks for the Fund.

2

Principal Risks

An investment in the Fund could lose money over short or long periods of time. You should expect the Fund’s share price and total return to fluctuate within a wide range. The Fund is subject to the following risks, which could affect the Fund’s performance:",{'source': 'MutualFundSummary/Vanguard Energy Fund.txt'}
Vanguard GNMA Fund,Fixed Income Long Only (Low Risk),"The Fund invests at least 80% of its assets in Government National Mortgage Association (GNMA) pass-through certificates, which are fixed income securities representing part ownership in a pool of mortgage loans supported by the full faith and credit of the U.S. government. The balance of the Fund’s assets may be invested in other types of securities, such as U.S. Treasury or other U.S. government agency securities, including pass-through certificates, as well as in repurchase agreements collateralized by such securities. Securities issued by most U.S. government agencies, other than the U.S. Treasury and GNMA, are neither guaranteed by the U.S. Treasury nor supported by the full faith and credit of the U.S. government. The Fund’s dollar-weighted average maturity depends on homeowner prepayments of the underlying mortgages. Although the Fund does not observe specific maturity guidelines, its dollar-weighted average maturity will normally fall within an intermediate-term range (3 to 10",{'source': 'MutualFundSummary/Vanguard GNMA Fund.txt'}
Vanguard Health Care Fund,Equity Long Only (Low Risk),"Principal Investment Strategies

Under normal circumstances, the Fund invests at least 80% of its assets in the stocks of companies principally engaged in the development, production, or distribution of products and services related to the health care industry. These companies include, among others, pharmaceutical firms, medical supply companies, and businesses that operate hospitals and other health care facilities. The Fund may also consider companies engaged in medical, diagnostic, biochemical, and other research and development activities. The Fund’s advisor strives for a balanced representation of the health care field, searching for the best values in the various subsectors of the industry. The Fund may invest up to 50% of its assets in foreign stocks.

2

Principal Risks",{'source': 'MutualFundSummary/Vanguard Health Care Fund.txt'}
Vanguard Intermediate-Term Corporate Bond Index Fund,Fixed Income Long Only (Low Risk),"Vanguard Intermediate-Term Corporate Bond Index Fund <head_breaker>

Vanguard Intermediate-Term Corporate Bond Index Fund

Investment Objective

The Fund seeks to track the performance of a market-weighted corporate bond index with an intermediate-term dollar-weighted average maturity.

Fees and Expenses

The following table describes the fees and expenses you may pay if you buy and hold Admiral Shares of the Fund.

Shareholder Fees (Fees paid directly from your investment)

Sales Charge (Load) Imposed on Purchases	None Purchase Fee	0.25% Sales Charge (Load) Imposed on Reinvested Dividends	None Redemption Fee	None Account Service Fee (for certain fund account balances below $10,000)	$20/year

Annual Fund Operating Expenses (Expenses that you pay each year as a percentage of the value of your investment)

Management Fees	0.06% 12b-1 Distribution Fee	None Other Expenses	0.01% Total Annual Fund Operating Expenses	0.07%

Example",{'source': 'MutualFundSummary/Vanguard Intermediate-Term Corporate Bond Index Fund.txt'}
Vanguard Intermediate-Term Investment-Grade Fund,Fixed Income Long Only (Low Risk),"The Fund invests in a variety of high-quality and, to a lesser extent, medium-quality fixed income securities, at least 80% of which will be short- and intermediate-term investment-grade securities. High-quality fixed income securities are those rated the equivalent of A3 or better by Moody‘s Investors Service, Inc. (Moody‘s) or another independent rating agency or, if unrated, are determined to be of comparable quality by the Fund’s advisor; medium-quality fixed income securities are those rated the equivalent of Baa1, Baa2, or Baa3 by Moody‘s or another independent rating agency or, if unrated, are determined to be of comparable quality by the Fund’s advisor. (Investment-grade fixed income securities are those rated the equivalent of Baa3 and above by Moody‘s or another independent rating agency or, if unrated, are determined to be of comparable quality by the Fund’s advisor.) The Fund is expected to maintain a dollar-weighted average maturity of 5 to 10 years.

23

Principal Risks",{'source': 'MutualFundSummary/Vanguard Intermediate-Term Investment-Grade Fund.txt'}
Vanguard Intermediate-Term Treasury Fund,Fixed Income Long Only (Low Risk),"Annual Total Returns

The following bar chart and table are intended to help you understand the risks of investing in the Fund. The bar chart shows how the performance of the Fund‘s Investor Shares has varied from one calendar year to another over the periods shown. The table shows how the average annual total returns of the share classes presented compare with those of a relevant market index, which has investment characteristics similar to those of the Fund. Keep in mind that the Fund’s past performance (before and after taxes) does not indicate how the Fund will perform in the future. Updated performance information is available on our website at vanguard.com/performance or by calling Vanguard toll-free at 800-662-7447.

Annual Total Returns — Vanguard Intermediate-Term Treasury Fund Investor Shares1

1 The year-to-date return as of the most recent calendar quarter, which ended on March 31, 2018, was –1.30%.",{'source': 'MutualFundSummary/Vanguard Intermediate-Term Treasury Fund.txt'}
Vanguard Intermediate-Term Treasury Index Fund,Fixed Income Long Only (Low Risk),"Vanguard Intermediate

Term Treasury Index Fund

<head_breaker>

Vanguard Intermediate

Term Treasury Index Fund

Investment Objective

The Fund seeks to track the performance of a market-weighted Treasury index with an intermediate-term dollar-weighted average maturity.

Fees and Expenses

The following table describes the fees and expenses you may pay if you buy and hold Admiral Shares of the Fund.

Shareholder Fees (Fees paid directly from your investment)

Sales Charge (Load) Imposed on Purchases	None Purchase Fee	None Sales Charge (Load) Imposed on Reinvested Dividends	None Redemption Fee	None Account Service Fee (for certain fund account balances below $10,000)	$20/year

Annual Fund Operating Expenses (Expenses that you pay each year as a percentage of the value of your investment)

Management Fees	0.06% 12b-1 Distribution Fee	None Other Expenses	0.01% Total Annual Fund Operating Expenses	0.07%

Example",{'source': 'MutualFundSummary/Vanguard Intermediate-Term Treasury Index Fund.txt'}
Vanguard Long-Term Corporate Bond Index Fund,Fixed Income Long Only (Low Risk),"Vanguard Long-Term Corporate Bond Index Fund <head_breaker>

Vanguard Long-Term Corporate Bond Index Fund

Investment Objective

The Fund seeks to track the performance of a market-weighted corporate bond index with a long-term dollar-weighted average maturity.

Fees and Expenses

The following table describes the fees and expenses you may pay if you buy and hold Admiral Shares of the Fund.

Shareholder Fees (Fees paid directly from your investment)

Sales Charge (Load) Imposed on Purchases	None Purchase Fee	1% Sales Charge (Load) Imposed on Reinvested Dividends	None Redemption Fee	None Account Service Fee (for certain fund account balances below $10,000)	$20/year

Annual Fund Operating Expenses (Expenses that you pay each year as a percentage of the value of your investment)

Management Fees	0.06% 12b-1 Distribution Fee	None Other Expenses	0.01% Total Annual Fund Operating Expenses	0.07%

Example",{'source': 'MutualFundSummary/Vanguard Long-Term Corporate Bond Index Fund.txt'}
Vanguard Long-Term Investment-Grade Fund,Fixed Income Long Only (Low Risk),"An investment in the Fund is not a deposit of a bank and is not insured or guaranteed by the Federal Deposit Insurance Corporation or any other government agency.

40

Annual Total Returns

The following bar chart and table are intended to help you understand the risks of investing in the Fund. The bar chart shows how the performance of the Fund‘s Investor Shares has varied from one calendar year to another over the periods shown. The table shows how the average annual total returns of the share classes presented compare with those of a relevant market index, which has investment characteristics similar to those of the Fund. Keep in mind that the Fund’s past performance (before and after taxes) does not indicate how the Fund will perform in the future. Updated performance information is available on our website at vanguard.com/performance or by calling Vanguard toll-free at 800-662-7447.

Annual Total Returns — Vanguard Long-Term Investment-Grade Fund Investor Shares1",{'source': 'MutualFundSummary/Vanguard Long-Term Investment-Grade Fund.txt'}
Vanguard Long-Term Treasury Fund,Fixed Income Long Only (Low Risk),"Vanguard Long

Term Treasury Fund

<head_breaker>

Vanguard Long

Term Treasury Fund

Investment Objective

The Fund seeks to provide a high and sustainable level of current income.

Fees and Expenses

The following table describes the fees and expenses you may pay if you buy and hold Investor Shares or Admiral Shares of the Fund.

Shareholder Fees (Fees paid directly from your investment) Investor Shares	Admiral Shares Sales Charge (Load) Imposed on Purchases	None	None Purchase Fee	None	None Sales Charge (Load) Imposed on Reinvested Dividends	None	None Redemption Fee	None	None Account Service Fee (for certain fund account balances below	$20/year	$20/year $10,000)

Annual Fund Operating Expenses (Expenses that you pay each year as a percentage of the value of your investment) Investor Shares	Admiral Shares Management Fees	0.17%	0.09% 12b-1 Distribution Fee	None	None Other Expenses	0.03%	0.01% Total Annual Fund Operating Expenses	0.20%	0.10%

33

Examples",{'source': 'MutualFundSummary/Vanguard Long-Term Treasury Fund.txt'}
Vanguard Long-Term Treasury Index Fund,Fixed Income Long Only (Low Risk),"Vanguard Long

Term Treasury Index Fund

<head_breaker>

Vanguard Long

Term Treasury Index Fund

Investment Objective

The Fund seeks to track the performance of a market-weighted Treasury index with a long-term dollar-weighted average maturity.

Fees and Expenses

The following table describes the fees and expenses you may pay if you buy and hold Institutional Shares of the Fund.

Shareholder Fees (Fees paid directly from your investment)

Sales Charge (Load) Imposed on Purchases	None Purchase Fee	None Sales Charge (Load) Imposed on Reinvested Dividends	None Redemption Fee	None

Annual Fund Operating Expenses (Expenses that you pay each year as a percentage of the value of your investment)

Management Fees	0.04% 12b-1 Distribution Fee	None Other Expenses	0.01% Total Annual Fund Operating Expenses	0.05%

Example",{'source': 'MutualFundSummary/Vanguard Long-Term Treasury Index Fund.txt'}
Vanguard Precious Metals and Mining Fund,Balanced Fund (Low Risk),"Principal Investment Strategies

Under normal circumstances, the Fund invests at least 80% of its assets in the stocks of foreign and U.S. companies principally engaged in the exploration, mining, development, fabrication, processing, marketing, or distribution of (or other activities related to) metals or minerals. The majority of these companies will be principally engaged in activities related to gold, silver, platinum, diamonds, or other precious and rare metals or minerals. The remaining companies will be principally engaged in activities related to nickel, copper, zinc, or other base and common metals or minerals. Up to 100% of the Fund’s assets may be invested in foreign securities. The Fund may also invest up to 20% of its assets directly in gold, silver, or other precious metal bullion and coins.

Principal Risks",{'source': 'MutualFundSummary/Vanguard Precious Metals and Mining Fund.txt'}
Vanguard Real Estate II Index Fund,Balanced Fund (Low Risk),"Vanguard Real Estate II Index Fund <head_breaker>

Fund Summary

Investment Objective

The Fund seeks to provide a high level of income and moderate long-term capital appreciation by tracking the performance of a benchmark index that measures the performance of publicly traded equity REITs and other real estate-related investments.

Fees and Expenses

The following table describes the fees and expenses you may pay if you buy and hold shares of the Fund.

Shareholder Fees (Fees paid directly from your investment)

Sales Charge (Load) Imposed on Purchases	None Purchase Fee	None Sales Charge (Load) Imposed on Reinvested Dividends	None Redemption Fee	None

Annual Fund Operating Expenses (Expenses that you pay each year as a percentage of the value of your investment)

Management Fees	0.07% 12b-1 Distribution Fee	None Other Expenses	0.01% Total Annual Fund Operating Expenses	0.08%

1

Example",{'source': 'MutualFundSummary/Vanguard Real Estate II Index Fund.txt'}
Vanguard Real Estate Index Fund,Balanced Fund (Low Risk),"Principal Investment Strategies

The Fund employs an indexing investment approach designed to track the performance of the MSCI US Investable Market Real Estate 25/50 Transition Index, an interim index that will gradually increase exposure to other real estate-related investments while proportionately reducing exposure to other stocks based on their weightings in the MSCI US Investable Market Real Estate 25/50 Index. The MSCI US Investable Market Real Estate 25/50 Index is made up of stocks of large, mid-size, and small U.S. companies within the real estate sector, as classified under the Global Industry Classification Standard (GICS). The GICS real estate sector is composed of equity real estate investment trusts (known as REITs), which includes specialized REITs, and real estate management and development companies.

2",{'source': 'MutualFundSummary/Vanguard Real Estate Index Fund.txt'}
Vanguard Russell 1000 Growth Index Fund,Equity Long Only (Low Risk),"Principal Investment Strategies

The Fund employs an indexing investment approach designed to track the performance of the Russell 1000® Growth Index. The Index is designed to measure the performance of large-capitalization growth stocks in the United States. The Fund attempts to replicate the target index by investing all, or substantially all, of its assets in the stocks that make up the Index, holding each stock in approximately the same proportion as its weighting in the Index.

Principal Risks

An investment in the Fund could lose money over short or long periods of time. You should expect the Fund’s share price and total return to fluctuate within a wide range. The Fund is subject to the following risks, which could affect the Fund’s performance:",{'source': 'MutualFundSummary/Vanguard Russell 1000 Growth Index Fund.txt'}
Vanguard Russell 1000 Index Fund,Equity Long Only (Low Risk),"Principal Investment Strategies

The Fund employs an indexing investment approach designed to track the performance of the Russell 1000® Index. The Index is designed to measure the performance of large-capitalization stocks in the United States. The Fund attempts to replicate the target index by investing all, or substantially all, of its assets in the stocks that make up the Index, holding each stock in approximately the same proportion as its weighting in the Index.

Principal Risks

An investment in the Fund could lose money over short or long periods of time. You should expect the Fund’s share price and total return to fluctuate within a wide range. The Fund is subject to the following risks, which could affect the Fund’s performance:",{'source': 'MutualFundSummary/Vanguard Russell 1000 Index Fund.txt'}
Vanguard Russell 1000 Value Index Fund,Equity Long Only (Low Risk),"Principal Investment Strategies

The Fund employs an indexing investment approach designed to track the performance of the Russell 1000® Value Index. The Index is designed to measure the performance of large-capitalization value stocks in the United States. The Fund attempts to replicate the target index by investing all, or substantially all, of its assets in the stocks that make up the Index, holding each stock in approximately the same proportion as its weighting in the Index.

Principal Risks

An investment in the Fund could lose money over short or long periods of time. You should expect the Fund’s share price and total return to fluctuate within a wide range. The Fund is subject to the following risks, which could affect the Fund’s performance:",{'source': 'MutualFundSummary/Vanguard Russell 1000 Value Index Fund.txt'}
Vanguard Russell 2000 Growth Index Fund,Equity Long Only (Low Risk),"Principal Investment Strategies

The Fund employs an indexing investment approach designed to track the performance of the Russell 2000® Growth Index. The Index is designed to measure the performance of small-capitalization growth stocks in the United States. The Fund attempts to replicate the target index by investing all, or substantially all, of its assets in the stocks that make up the Index, holding each stock in approximately the same proportion as its weighting in the Index.

Principal Risks

An investment in the Fund could lose money over short or long periods of time. You should expect the Fund’s share price and total return to fluctuate within a wide range. The Fund is subject to the following risks, which could affect the Fund’s performance:",{'source': 'MutualFundSummary/Vanguard Russell 2000 Growth Index Fund.txt'}
Vanguard Russell 2000 Index Fund,Equity Long Only (Low Risk),"Principal Investment Strategies

The Fund employs an indexing investment approach designed to track the performance of the Russell 2000® Index. The Index is designed to measure the performance of small-capitalization stocks in the United States. The Fund attempts to replicate the target index by investing all, or substantially all, of its assets in the stocks that make up the Index, holding each stock in approximately the same proportion as its weighting in the Index.

Principal Risks

An investment in the Fund could lose money over short or long periods of time. You should expect the Fund’s share price and total return to fluctuate within a wide range. The Fund is subject to the following risks, which could affect the Fund’s performance:",{'source': 'MutualFundSummary/Vanguard Russell 2000 Index Fund.txt'}
Vanguard Russell 2000 Value Index Fund,Equity Long Only (Low Risk),"Principal Investment Strategies

The Fund employs an indexing investment approach designed to track the performance of the Russell 2000® Value Index. The Index is designed to measure the performance of small-capitalization value stocks in the United States. The Fund attempts to replicate the target index by investing all, or substantially all, of its assets in the stocks that make up the Index, holding each stock in approximately the same proportion as its weighting in the Index.

Principal Risks

An investment in the Fund could lose money over short or long periods of time. You should expect the Fund’s share price and total return to fluctuate within a wide range. The Fund is subject to the following risks, which could affect the Fund’s performance:",{'source': 'MutualFundSummary/Vanguard Russell 2000 Value Index Fund.txt'}
Vanguard Russell 3000 Index Fund,Equity Long Only (Low Risk),"Principal Investment Strategies

The Fund employs an indexing investment approach designed to track the performance of the Russell 3000® Index, which represents approximately 98% of the U.S. equity market and comprises the 3,000 largest companies in the United States. The Fund attempts to replicate the target index by investing all, or substantially all, of its assets in the stocks that make up the Index, holding each stock in approximately the same proportion as its weighting in the Index.

Principal Risks

An investment in the Fund could lose money over short or long periods of time. You should expect the Fund’s share price and total return to fluctuate within a wide range. The Fund is subject to the following risk, which could affect the Fund’s performance:",{'source': 'MutualFundSummary/Vanguard Russell 3000 Index Fund.txt'}
Vanguard Short-Term Corporate Bond Index Fund,Fixed Income Long Only (Low Risk),"Vanguard Short-Term Corporate Bond Index Fund <head_breaker>

Vanguard Short-Term Corporate Bond Index Fund

Investment Objective

The Fund seeks to track the performance of a market-weighted corporate bond index with a short-term dollar-weighted average maturity.

Fees and Expenses

The following table describes the fees and expenses you may pay if you buy and hold Admiral Shares of the Fund.

Shareholder Fees (Fees paid directly from your investment)

Sales Charge (Load) Imposed on Purchases	None Purchase Fee	None Sales Charge (Load) Imposed on Reinvested Dividends	None Redemption Fee	None Account Service Fee (for certain fund account balances below $10,000)	$20/year

Annual Fund Operating Expenses (Expenses that you pay each year as a percentage of the value of your investment)

Management Fees	0.06% 12b-1 Distribution Fee	None Other Expenses	0.01% Total Annual Fund Operating Expenses	0.07%

Example",{'source': 'MutualFundSummary/Vanguard Short-Term Corporate Bond Index Fund.txt'}
Vanguard Short-Term Federal Fund,Fixed Income Long Only (Low Risk),"Vanguard Short

Term Federal Fund

<head_breaker>

Vanguard Short

Term Federal Fund

Investment Objective

The Fund seeks to provide current income while maintaining limited price volatility.

Fees and Expenses

The following table describes the fees and expenses you may pay if you buy and hold Investor Shares or Admiral Shares of the Fund.

Shareholder Fees (Fees paid directly from your investment) Investor Shares	Admiral Shares Sales Charge (Load) Imposed on Purchases	None	None Purchase Fee	None	None Sales Charge (Load) Imposed on Reinvested Dividends	None	None Redemption Fee	None	None Account Service Fee (for certain fund account balances below	$20/year	$20/year $10,000)

Annual Fund Operating Expenses (Expenses that you pay each year as a percentage of the value of your investment) Investor Shares	Admiral Shares Management Fees	0.17%	0.09% 12b-1 Distribution Fee	None	None Other Expenses	0.03%	0.01% Total Annual Fund Operating Expenses	0.20%	0.10%

6

Examples",{'source': 'MutualFundSummary/Vanguard Short-Term Federal Fund.txt'}
Vanguard Short-Term Investment-Grade Fund,Fixed Income Long Only (Low Risk),"13

Annual Total Returns

The following bar chart and table are intended to help you understand the risks of investing in the Fund. The bar chart shows how the performance of the Fund‘s Investor Shares has varied from one calendar year to another over the periods shown. The table shows how the average annual total returns of the share classes presented compare with those of a relevant market index, which has investment characteristics similar to those of the Fund. Keep in mind that the Fund’s past performance (before and after taxes) does not indicate how the Fund will perform in the future. Updated performance information is available on our website at vanguard.com/performance or by calling Vanguard toll-free at 800-662-7447.

Annual Total Returns — Vanguard Short-Term Investment-Grade Fund Investor Shares1

1 The year-to-date return as of the most recent calendar quarter, which ended on March 31, 2018, was –0.54%.",{'source': 'MutualFundSummary/Vanguard Short-Term Investment-Grade Fund.txt'}
Vanguard Short-Term Treasury Fund,Fixed Income Long Only (Low Risk),"An investment in the Fund is not a deposit of a bank and is not insured or guaranteed by the Federal Deposit Insurance Corporation or any other government agency.

Annual Total Returns

The following bar chart and table are intended to help you understand the risks of investing in the Fund. The bar chart shows how the performance of the Fund‘s Investor Shares has varied from one calendar year to another over the periods shown. The table shows how the average annual total returns of the share classes presented compare with those of a relevant market index, which has investment characteristics similar to those of the Fund. Keep in mind that the Fund’s past performance (before and after taxes) does not indicate how the Fund will perform in the future. Updated performance information is available on our website at vanguard.com/performance or by calling Vanguard toll-free at 800-662-7447.

Annual Total Returns — Vanguard Short-Term Treasury Fund Investor Shares1",{'source': 'MutualFundSummary/Vanguard Short-Term Treasury Fund.txt'}
Vanguard Short-Term Treasury Index Fund,Fixed Income Long Only (Low Risk),"Vanguard Short

Term Treasury Index Fund

<head_breaker>

Vanguard Short

Term Treasury Index Fund

Investment Objective

The Fund seeks to track the performance of a market-weighted Treasury index with a short-term dollar-weighted average maturity.

Fees and Expenses

The following table describes the fees and expenses you may pay if you buy and hold Admiral Shares of the Fund.

Shareholder Fees (Fees paid directly from your investment)

Sales Charge (Load) Imposed on Purchases	None Purchase Fee	None Sales Charge (Load) Imposed on Reinvested Dividends	None Redemption Fee	None Account Service Fee (for certain fund account balances below $10,000)	$20/year

Annual Fund Operating Expenses (Expenses that you pay each year as a percentage of the value of your investment)

Management Fees	0.06% 12b-1 Distribution Fee	None Other Expenses	0.01% Total Annual Fund Operating Expenses	0.07%

Example",{'source': 'MutualFundSummary/Vanguard Short-Term Treasury Index Fund.txt'}
Vanguard Ultra-Short-Term Bond Fund,Fixed Income Long Only (Low Risk),"3

Annual Total Returns — Vanguard Ultra-Short-Term Bond Fund Investor Shares1

During the periods shown in the bar chart, the highest return for a calendar quarter was 0.49% (quarter ended March 31, 2016), and the lowest return for a quarter was 0.15% (quarter ended September 30, 2016).",{'source': 'MutualFundSummary/Vanguard Ultra-Short-Term Bond Fund.txt'}
Variable Portfolio - BlackRock Global Inflation-Protected Securities Fund,Fixed Income Long Only (Low Risk),"Variable Portfolio

BlackRock Global Inflation

Protected Securities Fund

<head_breaker>

SUMMARY OF CTIVPSM – BLACKROCK GLOBAL INFLATION-PROTECTED SECURITIES FUND Investment Objective CTIVPSM – BlackRock Global Inflation-Protected Securities Fund (the Fund) seeks to provide shareholders with total return that exceeds the rate of inflation over the long term. Fees and Expenses of the Fund This table describes the fees and expenses that you may pay as an investor in the Fund. The table does not reflect any fees or expenses imposed by your Contract or Qualified Plan, which are disclosed in your separate Contract prospectus or Qualified Plan disclosure documents. If the additional fees or expenses were reflected, the expenses set forth below would be higher.",{'source': 'MutualFundSummary/Variable Portfolio - BlackRock Global Inflation-Protected Securities Fund.txt'}
Variable Portfolio - MFS Blended Research Core Equity Fund,Equity Long Only (Low Risk),"Variable Portfolio - MFS Blended Research Core Equity Fund <head_breaker>

SUMMARY OF CTIVPSM – MFS® BLENDED RESEARCH® CORE EQUITY FUND Investment Objective CTIVPSM – MFS® Blended Research® Core Equity Fund (the Fund) seeks to provide shareholders with long-term capital growth. Fees and Expenses of the Fund This table describes the fees and expenses that you may pay as an investor in the Fund. The table does not reflect any fees or expenses imposed by your Contract or Qualified Plan, which are disclosed in your separate Contract prospectus or Qualified Plan disclosure documents. If the additional fees or expenses were reflected, the expenses set forth below would be higher.",{'source': 'MutualFundSummary/Variable Portfolio - MFS Blended Research Core Equity Fund.txt'}
Variable Portfolio - MFS Value Fund,Equity Long Only (Low Risk),"Variable Portfolio

MFS Value Fund

<head_breaker>

SUMMARY OF CTIVPSM – MFS® VALUE FUND Investment Objective CTIVPSM – MFS® Value Fund (the Fund) seeks to provide shareholders with long-term capital growth. Fees and Expenses of the Fund This table describes the fees and expenses that you may pay as an investor in the Fund. The table does not reflect any fees or expenses imposed by your Contract or Qualified Plan, which are disclosed in your separate Contract prospectus or Qualified Plan disclosure documents. If the additional fees or expenses were reflected, the expenses set forth below would be higher.",{'source': 'MutualFundSummary/Variable Portfolio - MFS Value Fund.txt'}
Variable Portfolio - Morgan Stanley Advantage Fund,Equity Long Only (Low Risk),"Variable Portfolio

Morgan Stanley Advantage Fund

<head_breaker>

SUMMARY OF CTIVPSM – MORGAN STANLEY ADVANTAGE FUND Investment Objective CTIVPSM – Morgan Stanley Advantage Fund (the Fund) seeks to provide shareholders with long-term capital growth. Fees and Expenses of the Fund This table describes the fees and expenses that you may pay as an investor in the Fund. The table does not reflect any fees or expenses imposed by your Contract or Qualified Plan, which are disclosed in your separate Contract prospectus or Qualified Plan disclosure documents. If the additional fees or expenses were reflected, the expenses set forth below would be higher.",{'source': 'MutualFundSummary/Variable Portfolio - Morgan Stanley Advantage Fund.txt'}
Variable Portfolio - Oppenheimer International Growth Fund,Equity Long Only (Low Risk),"Variable Portfolio

Oppenheimer International Growth Fund

<head_breaker>

SUMMARY OF CTIVPSM – OPPENHEIMER INTERNATIONAL GROWTH FUND Investment Objective CTIVPSM – Oppenheimer International Growth Fund (the Fund) seeks to provide shareholders with long-term capital growth. Fees and Expenses of the Fund This table describes the fees and expenses that you may pay as an investor in the Fund. The table does not reflect any fees or expenses imposed by your Contract or Qualified Plan, which are disclosed in your separate Contract prospectus or Qualified Plan disclosure documents. If the additional fees or expenses were reflected, the expenses set forth below would be higher.",{'source': 'MutualFundSummary/Variable Portfolio - Oppenheimer International Growth Fund.txt'}
Variable Portfolio - Partners Small Cap Value Fund,Equity Long Only (Low Risk),"Variable Portfolio - Partners Small Cap Value Fund <head_breaker>

SUMMARY OF VP – PARTNERS SMALL CAP VALUE FUND Investment Objective Variable Portfolio (VP) – Partners Small Cap Value Fund (the Fund) seeks to provide shareholders with long-term capital appreciation. Fees and Expenses of the Fund This table describes the fees and expenses that you may pay as an investor in the Fund. The table does not reflect any fees or expenses imposed by your Contract or Qualified Plan, which are disclosed in your separate Contract prospectus or Qualified Plan disclosure documents. If the additional fees or expenses were reflected, the expenses set forth below would be higher.",{'source': 'MutualFundSummary/Variable Portfolio - Partners Small Cap Value Fund.txt'}
Variable Portfolio - T. Rowe Price Large Cap Value Fund,Equity Long Only (Low Risk),"Variable Portfolio - T. Rowe Price Large Cap Value Fund <head_breaker>

SUMMARY OF CTIVPSM – T. ROWE PRICE LARGE CAP VALUE FUND Investment Objective CTIVPSM – T. Rowe Price Large Cap Value Fund (the Fund) seeks to provide shareholders with long-term growth of capital and income. Fees and Expenses of the Fund This table describes the fees and expenses that you may pay as an investor in the Fund. The table does not reflect any fees or expenses imposed by your Contract or Qualified Plan, which are disclosed in your separate Contract prospectus or Qualified Plan disclosure documents. If the additional fees or expenses were reflected, the expenses set forth below would be higher.",{'source': 'MutualFundSummary/Variable Portfolio - T. Rowe Price Large Cap Value Fund.txt'}
Variable Portfolio - TCW Core Plus Bond Fund,Fixed Income Long Only (Low Risk),"Variable Portfolio - TCW Core Plus Bond Fund <head_breaker>

SUMMARY OF CTIVPSM – TCW CORE PLUS BOND FUND Investment Objective CTIVPSM – TCW Core Plus Bond Fund (the Fund) seeks to provide shareholders with total return through current income and capital appreciation. Fees and Expenses of the Fund This table describes the fees and expenses that you may pay as an investor in the Fund. The table does not reflect any fees or expenses imposed by your Contract or Qualified Plan, which are disclosed in your separate Contract prospectus or Qualified Plan disclosure documents. If the additional fees or expenses were reflected, the expenses set forth below would be higher.",{'source': 'MutualFundSummary/Variable Portfolio - TCW Core Plus Bond Fund.txt'}
Variable Portfolio - Victory Sycamore Established Value Fund,Equity Long Only (Low Risk),"Variable Portfolio - Victory Sycamore Established Value Fund <head_breaker>

SUMMARY OF CTIVPSM – VICTORY SYCAMORE ESTABLISHED VALUE FUND Investment Objective CTIVPSM – Victory Sycamore Established Value Fund (the Fund) seeks to provide shareholders with long-term growth of capital. Fees and Expenses of the Fund This table describes the fees and expenses that you may pay as an investor in the Fund. The table does not reflect any fees or expenses imposed by your Contract or Qualified Plan, which are disclosed in your separate Contract prospectus or Qualified Plan disclosure documents. If the additional fees or expenses were reflected, the expenses set forth below would be higher.",{'source': 'MutualFundSummary/Variable Portfolio - Victory Sycamore Established Value Fund.txt'}
Variable Portfolio - Wells Fargo Short Duration Government Fund,Fixed Income Long Only (Low Risk),"Variable Portfolio - Wells Fargo Short Duration Government Fund <head_breaker>

SUMMARY OF CTIVPSM – WELLS FARGO SHORT DURATION GOVERNMENT FUND Investment Objective CTIVPSM – Wells Fargo Short Duration Government Fund (the Fund) seeks to provide shareholders with current income consistent with capital preservation. Fees and Expenses of the Fund This table describes the fees and expenses that you may pay as an investor in the Fund. The table does not reflect any fees or expenses imposed by your Contract or Qualified Plan, which are disclosed in your separate Contract prospectus or Qualified Plan disclosure documents. If the additional fees or expenses were reflected, the expenses set forth below would be higher.",{'source': 'MutualFundSummary/Variable Portfolio - Wells Fargo Short Duration Government Fund.txt'}
Virtus Enhanced U.S. Equity ETF,Balanced Fund (Low Risk),"Concentration Risk. A fund concentrated in an industry or sector is likely to present more risks than a fund that is broadly diversified over several industries or sectors. Compared to the broad market, an individual industry or sector may be more strongly affected by changes in the economic climate, broad market shifts, moves in a particular dominant stock or regulatory changes.

PERFORMANCE INFORMATION

The Fund is new and therefore does not have a performance history for a full calendar year. Performance information for the Fund will be provided once it has annual returns for a full calendar year.

5

MANAGEMENT OF THE FUND

Investment Adviser

Virtus ETF Advisers LLC is the Fund’s investment adviser (the “Adviser”). The Adviser is responsible for managing the Fund’s investments, subject to the oversight and supervision of the Board of Trustees (the “Board”) of Virtus ETF Trust II (the “Trust”).

Portfolio Managers",{'source': 'MutualFundSummary/Virtus Enhanced U.S. Equity ETF.txt'}
Virtus Newfleet Dynamic Credit ETF,Balanced Fund (Low Risk),"Virtus Newfleet Dynamic Credit ETF <head_breaker>

RISK/RETURN SUMMARY INFORMATION

INVESTMENT OBJECTIVE

Virtus Newfleet Dynamic Credit ETF (Ticker: BLHY) (the “Fund”) seeks to provide a high level of current income and, secondarily, capital appreciation.

FEES AND EXPENSES OF THE FUND

This table describes the fees and expenses that you may pay if you buy and hold shares of the Fund (“Shares”). Most investors will incur customary brokerage commissions when buying or selling Shares of the Fund, which are not reflected in the table or example set forth below. Shareholder Fees (fees paid directly from your investment): None Annual Fund Operating Expenses

(expenses that you pay each year as a percentage of the value of your investment):

Management Fee 0.55	% Other Expenses 0.25	% Total Annual Fund Operating Expenses 0.80	% Fee Waivers and/or Expense Reimbursements1 0.12	% Total Annual Fund Operating Expenses After Fee Waivers and/or Expense Reimbursements 0.68	%",{'source': 'MutualFundSummary/Virtus Newfleet Dynamic Credit ETF.txt'}
Western Asset Intermediate Maturity California Municipals Fund,Balanced Fund (Low Risk),"The fund may also invest in securities of other open-end or closed-end investment companies, including exchange-traded funds (“ETFs”), that invest primarily in municipal securities.

Instead of, and/or in addition to, investing directly in particular securities, the fund may use instruments such as derivatives, including options, futures contracts and inverse floating rate instruments issued in tender option bond transactions, and other synthetic instruments that are intended to provide economic exposure to the securities or the issuer or to be used as a hedging technique. The fund may use one or more types of these instruments without limit, except that these

Western Asset Intermediate Maturity California Municipals Fund	 	3 Table of Contents instruments are taken into account when determining compliance with the fund’s 80% policy. For additional information regarding derivatives, see “More on the fund’s investment strategies, investments and risks—Derivatives” in this Prospectus.",{'source': 'MutualFundSummary/Western Asset Intermediate Maturity California Municipals Fund.txt'}
Western Asset Intermediate Maturity New York Municipals Fund,Balanced Fund (Low Risk),"The fund may also invest in securities of other open-end or closed-end investment companies, including exchange-traded funds (“ETFs”), that invest primarily in municipal securities.

Instead of, and/or in addition to, investing directly in particular securities, the fund may use instruments such as derivatives, including options, futures contracts and inverse floating rate instruments issued in tender option bond transactions, and other synthetic instruments that are intended to provide economic exposure to the securities or the issuer or to be used as a hedging technique. The fund may use one or more types of these

Western Asset Intermediate Maturity New York Municipals Fund	 	3 Table of Contents instruments without limit, except that these instruments are taken into account when determining compliance with the fund’s 80% policy. For additional information regarding derivatives, see “More on the fund’s investment strategies, investments and risks—Derivatives” in this Prospectus.",{'source': 'MutualFundSummary/Western Asset Intermediate Maturity New York Municipals Fund.txt'}
Western Asset Massachusetts Municipals Fund,Fixed Income Long Only (Low Risk),"The fund may also engage in a variety of transactions using derivatives in order to change the investment characteristics of its portfolio (such as shortening or lengthening duration) and for other purposes. The fund may leverage its assets by investing proceeds received through tender option

Western Asset Massachusetts Municipals Fund	 	3 Table of Contents bond transactions, which is considered a form of borrowing. See “More on the fund’s investment strategies, investments and risks—Tender option bonds” in this Prospectus.

The fund is classified as “non-diversified,” which means it may invest a larger percentage of its assets in a smaller number of issuers than a diversified fund.

Principal risks",{'source': 'MutualFundSummary/Western Asset Massachusetts Municipals Fund.txt'}
World Growth Fund,Balanced Fund (Low Risk),"The Fund normally will invest its assets in investments that are tied economically to a number of countries throughout the world. However, the Fund may invest a significant percentage of its assets in securities of issuers in a single country, a small number of countries, or a particular geographic region. The Fund uses an active bottom-up investment approach to buying and selling investments. Investments are selected primarily based on fundamental analysis of individual issuers and their potential in light of their financial condition, and market, economic, political, and regulatory conditions. Factors considered may include 2  |  USAA World Growth Fund",{'source': 'MutualFundSummary/World Growth Fund.txt'}
